replication,seed,method,method_name,success,failure_stage,seconds,simulation_seconds,iterations,evaluations,objective,message,sigma,relative_engel_slope,epsilon_a,epsilon_s,epsilon_ratio_a,epsilon_ratio_s,epsilon_difference_a,epsilon_difference_s,coefficient_a,coefficient_s
1,1,1,loglinear_gmm,True,,0.18897479999577627,0.0027922000153921545,2,78,0.0026666476354113822,`ftol` termination condition is satisfied.,0.5003801570327207,-0.2814092367887634,0.20039363703482688,2.5064258531222317,0.10019681851741344,1.2532129265611158,,,,
1,1,2,nonlinear_gmm,True,,0.36115670000435784,0.0027922000153921545,2,97,0.0050654873175426714,`ftol` termination condition is satisfied.,0.5002925528948153,-0.2809637228868049,0.20065270488097608,2.5055513148029434,0.10032635244048804,1.2527756574014717,,,,
1,1,3,iterative_sur,True,,0.01804019999690354,0.0027922000153921545,4,0,1.682507512360207e-05,Iterative SUR converged.,0.5082579472194242,-0.2813350865968453,0.16304057802683936,2.51680113805571,0.08152028901341968,1.258400569027855,,,,
1,1,4,expenditure_ols,True,,0.002452499989885837,0.0027922000153921545,1,0,0.0006080420653565181,OLS coefficients only; sigma and epsilon levels are not identified here.,,-0.28096899086383426,,,,,,,-0.4397442625458882,0.1235545016856792
1,1,5,tornqvist_sur,True,,0.004319200001191348,0.0027922000153921545,2,0,0.0006001555516455832,"Two-step SUR completed. Tornqvist slopes are approximate coefficients, not epsilon levels.",0.5064591345819421,-0.28110826859467464,,,,,,,-0.446525405017524,0.12552198348801202
1,1,6,hybrid_gmm,True,,0.02223729999968782,0.0027922000153921545,2,13,0.003790225645488556,Two-step SUR completed. `ftol` termination condition is satisfied.,0.5064591345819421,-0.2811082685946747,0.17701047717133922,2.512457428428597,0.08850523858566961,1.2562287142142985,,,-0.446525405017524,0.12552198348801202
1,1,7,known_consumption_sur,True,,0.006513600004836917,0.0027922000153921545,2,0,0.0002372602402576201,Two-step SUR completed.,0.49947513371348007,-0.2809595499964608,0.20952961680143467,2.5030497531454596,,,-1.7904703831985653,0.5030497531454596,-0.896174949140436,0.251788910428598
2,2,1,loglinear_gmm,True,,0.0860497000394389,0.0020374999730847776,2,65,0.001394421961106119,`ftol` termination condition is satisfied.,0.5001122079716988,-0.2797520376086503,0.19533263363706668,2.5048593729458672,0.09766631681853334,1.2524296864729336,,,,
2,2,2,nonlinear_gmm,True,,0.173738100042101,0.0020374999730847776,2,51,0.003327724497897716,`ftol` termination condition is satisfied.,0.4999144341037708,-0.27976174901878825,0.19900193651859013,2.50385036821901,0.09950096825929507,1.251925184109505,,,,
2,2,3,iterative_sur,True,,0.01364099996862933,0.0020374999730847776,4,0,4.8066613629604584e-05,Iterative SUR converged.,0.5060016888337914,-0.28196198828997565,0.18185874952549708,2.5126467219758135,0.09092937476274854,1.2563233609879068,,,,
2,2,4,expenditure_ols,True,,0.0026088000158779323,0.0020374999730847776,1,0,0.000663075328419797,OLS coefficients only; sigma and epsilon levels are not identified here.,,-0.2800116612660468,,,,,,,-0.4378326974613536,0.1225982609727481
2,2,5,tornqvist_sur,True,,0.004494599997997284,0.0020374999730847776,2,0,0.0006076317581207637,"Two-step SUR completed. Tornqvist slopes are approximate coefficients, not epsilon levels.",0.5024415610948585,-0.2814767730704993,,,,,,,-0.44460161139676213,0.1251450268779047
2,2,6,hybrid_gmm,True,,0.024782499996945262,0.0020374999730847776,2,15,0.001631765206034107,Two-step SUR completed. `ftol` termination condition is satisfied.,0.5024415610948585,-0.2814767730704992,0.1871339317724161,2.5102796908937037,0.09356696588620805,1.2551398454468519,,,-0.44460161139676213,0.1251450268779047
2,2,7,known_consumption_sur,True,,0.006709600042086095,0.0020374999730847776,2,0,0.000231564106251606,Two-step SUR completed.,0.500393917059482,-0.2814029365048859,0.19937756786749894,2.5067004399386557,,,-1.800622432132501,0.5067004399386554,-0.8996019201725476,0.25315062202198885
3,3,1,loglinear_gmm,True,,0.09792480000760406,0.001993799989577383,2,71,0.002773598109596668,`ftol` termination condition is satisfied.,0.5009493124537607,-0.279495402934049,0.19777852523833586,2.5037126172649073,0.09888926261916793,1.2518563086324537,,,,
3,3,2,nonlinear_gmm,True,,0.3569327999721281,0.001993799989577383,2,113,0.007044510334920278,`ftol` termination condition is satisfied.,0.5013033834705327,-0.27944468951073453,0.19638558280312174,2.504010470810666,0.09819279140156087,1.252005235405333,,,,
3,3,3,iterative_sur,True,,0.014661599998362362,0.001993799989577383,4,0,9.013051892972332e-05,Iterative SUR converged.,0.5092450707299241,-0.27848094764020803,0.15975121476944687,2.512474225604746,0.07987560738472343,1.256237112802373,,,,
3,3,4,expenditure_ols,True,,0.0023873000172898173,0.001993799989577383,1,0,0.0007292472984866311,OLS coefficients only; sigma and epsilon levels are not identified here.,,-0.27839732285409063,,,,,,,-0.4402256066247602,0.12255763033615126
3,3,5,tornqvist_sur,True,,0.005414300016127527,0.001993799989577383,2,0,0.0006512324088834881,"Two-step SUR completed. Tornqvist slopes are approximate coefficients, not epsilon levels.",0.5050400271478335,-0.2785091710775355,,,,,,,-0.4466324971021515,0.12439124654420998
3,3,6,hybrid_gmm,True,,0.024127300013788044,0.001993799989577383,2,17,0.0033874291463738327,Two-step SUR completed. `xtol` termination condition is satisfied.,0.5050400271478335,-0.2785091710775355,0.1801011907752057,2.5068585088021913,0.09005059538760285,1.2534292544010956,,,-0.4466324971021515,0.12439124654420998
3,3,7,known_consumption_sur,True,,0.006902599998284131,0.001993799989577383,2,0,0.0002596852961817582,Two-step SUR completed.,0.501516474185824,-0.27790745257790705,0.1918012398400697,2.502511911190576,,,-1.8081987601599303,0.5025119111905761,-0.9013572933373436,0.2504939092538985
4,4,1,loglinear_gmm,True,,0.10310209996532649,0.0023464999976567924,2,85,0.0018192080180562224,`ftol` termination condition is satisfied.,0.500334811444224,-0.2784502828932561,0.19913361838489915,2.5014517534136793,0.09956680919244958,1.2507258767068397,,,,
4,4,2,nonlinear_gmm,True,,0.2851811000145972,0.0023464999976567924,2,90,0.00426730775926,`ftol` termination condition is satisfied.,0.5010676750680622,-0.27800430327078135,0.19747990669996604,2.50110834266946,0.09873995334998302,1.25055417133473,,,,
4,4,3,iterative_sur,True,,0.015023100015241653,0.0023464999976567924,4,0,2.986858662036108e-05,Iterative SUR converged.,0.5080767145891685,-0.2767497160322056,0.1902970998423097,2.5008347637212998,0.09514854992115485,1.2504173818606499,,,,
4,4,4,expenditure_ols,True,,0.0026015000184997916,0.0023464999976567924,1,0,0.0006442140792588464,OLS coefficients only; sigma and epsilon levels are not identified here.,,-0.27808889378340607,,,,,,,-0.443766476611347,0.12340652857900923
4,4,5,tornqvist_sur,True,,0.004052000003866851,0.0023464999976567924,2,0,0.0005896451448418134,"Two-step SUR completed. Tornqvist slopes are approximate coefficients, not epsilon levels.",0.5037184338537739,-0.2775757819149547,,,,,,,-0.44853765292065567,0.12450318972774956
4,4,6,hybrid_gmm,True,,0.02274089999264106,0.0023464999976567924,2,15,0.002290335376208797,Two-step SUR completed. `xtol` termination condition is satisfied.,0.5037184338537739,-0.27757578191495474,0.18583334972784482,2.5035687264733277,0.09291667486392241,1.2517843632366639,,,-0.44853765292065567,0.12450318972774956
4,4,7,known_consumption_sur,True,,0.005546600033994764,0.0023464999976567924,2,0,0.0002463004200939839,Two-step SUR completed.,0.5012033310788612,-0.27826386230136074,0.19749782681313088,2.5015712165175743,,,-1.8025021731868691,0.5015712165175744,-0.899082079708724,0.2501820520256894
5,5,1,loglinear_gmm,True,,0.09471410000696778,0.0023179000127129257,2,78,0.0008783191113459004,`ftol` termination condition is satisfied.,0.5014166320473539,-0.2757259494412035,0.195377927763997,2.497581134249824,0.0976889638819985,1.248790567124912,,,,
5,5,2,nonlinear_gmm,True,,0.3351808000006713,0.0023179000127129257,2,109,0.0019138677195858185,`ftol` termination condition is satisfied.,0.500052102706815,-0.27620721302889667,0.19668502864189588,2.4980886024521065,0.09834251432094794,1.2490443012260533,,,,
5,5,3,iterative_sur,True,,0.01111790002323687,0.0023179000127129257,3,0,9.849125723041813e-05,Iterative SUR converged.,0.507567946378968,-0.2775547662892877,0.16783755189415772,2.5085254200880263,0.08391877594707886,1.2542627100440131,,,,
5,5,4,expenditure_ols,True,,0.0022589999716728926,0.0023179000127129257,1,0,0.0007528359382942975,OLS coefficients only; sigma and epsilon levels are not identified here.,,-0.27818584922465484,,,,,,,-0.4340491435872948,0.12074632961406574
5,5,5,tornqvist_sur,True,,0.004664400010369718,0.0023179000127129257,2,0,0.0005819363380078073,"Two-step SUR completed. Tornqvist slopes are approximate coefficients, not epsilon levels.",0.5031500175559143,-0.2770491265065065,,,,,,,-0.4430721157259057,0.12275274264125192
5,5,6,hybrid_gmm,True,,0.024779100029263645,0.0023179000127129257,2,15,0.0009722392075548156,Two-step SUR completed. `xtol` termination condition is satisfied.,0.5031500175559143,-0.2770491265065064,0.18884712455268549,2.501778322112426,0.09442356227634274,1.250889161056213,,,-0.4430721157259057,0.12275274264125192
5,5,7,known_consumption_sur,True,,0.005999499990139157,0.0023179000127129257,2,0,0.00024154241454420804,Two-step SUR completed.,0.5001638164189008,-0.2768262027682196,0.19712899891955638,2.499081933310038,,,-1.8028710010804436,0.499081933310038,-0.9011401606690848,0.24945920883996606
6,6,1,loglinear_gmm,True,,0.07901620003394783,0.00194390001706779,2,60,0.0023189357046255765,`ftol` termination condition is satisfied.,0.5018012117631814,-0.2817648227569209,0.19265729684918334,2.509245596414304,0.09632864842459167,1.254622798207152,,,,
6,6,2,nonlinear_gmm,True,,0.25343129999237135,0.00194390001706779,2,81,0.005558440481808617,`ftol` termination condition is satisfied.,0.5029520353554008,-0.28137592200010375,0.18805217519104062,2.5098384898217034,0.09402608759552031,1.2549192449108517,,,,
6,6,3,iterative_sur,True,,0.012647099967580289,0.00194390001706779,3,0,9.297596499982957e-05,Iterative SUR converged.,0.5095781911368888,-0.281901735674656,0.17913688878328138,2.513304471477947,0.08956844439164069,1.2566522357389736,,,,
6,6,4,expenditure_ols,True,,0.002273700025398284,0.00194390001706779,1,0,0.0006092711312075707,OLS coefficients only; sigma and epsilon levels are not identified here.,,-0.28208737983069515,,,,,,,-0.43663691596634696,0.12316976356230223
6,6,5,tornqvist_sur,True,,0.0047156999935396016,0.00194390001706779,2,0,0.0005761793884785611,"Two-step SUR completed. Tornqvist slopes are approximate coefficients, not epsilon levels.",0.5043232649758798,-0.282159341093119,,,,,,,-0.44460703266172985,0.12545002738120054
6,6,6,hybrid_gmm,True,,0.023278000007849187,0.00194390001706779,2,16,0.0025265145710726784,Two-step SUR completed. `xtol` termination condition is satisfied.,0.5043232649758798,-0.28215934109311885,0.18266247497554722,2.512778758604699,0.09133123748777361,1.2563893793023495,,,-0.44460703266172985,0.12545002738120054
6,6,7,known_consumption_sur,True,,0.0062346000340767205,0.00194390001706779,2,0,0.00024253304894178182,Two-step SUR completed.,0.501585203931493,-0.28264380592196975,0.1973029180945305,2.5095211641541906,,,-1.8026970819054695,0.5095211641541907,-0.8984908984512073,0.25395288712449926
7,7,1,loglinear_gmm,True,,0.07853449997492135,0.0020711999968625605,2,64,0.0021704211503262493,`ftol` termination condition is satisfied.,0.49975898086861076,-0.280704167681985,0.2058907267675923,2.503613950273234,0.10294536338379615,1.251806975136617,,,,
7,7,2,nonlinear_gmm,True,,0.32688569999299943,0.0020711999968625605,2,113,0.006289109963150484,`ftol` termination condition is satisfied.,0.5011385138348584,-0.2808685806697564,0.19966359395260003,2.5056579310946234,0.09983179697630001,1.2528289655473117,,,,
7,7,3,iterative_sur,True,,0.014128599956166,0.0020711999968625605,4,0,5.147588604736495e-06,Iterative SUR converged.,0.5070921368905711,-0.28035820258057786,0.19622912721849617,2.5057019597602226,0.09811456360924808,1.2528509798801113,,,,
7,7,4,expenditure_ols,True,,0.002353800053242594,0.0020711999968625605,1,0,0.0007092964800918752,OLS coefficients only; sigma and epsilon levels are not identified here.,,-0.2778571947568293,,,,,,,-0.43891129963729775,0.12195466246429369
7,7,5,tornqvist_sur,True,,0.005015400005504489,0.0020711999968625605,2,0,0.0005984299099028532,"Two-step SUR completed. Tornqvist slopes are approximate coefficients, not epsilon levels.",0.5038319395822486,-0.28050941492322023,,,,,,,-0.4436628361572661,0.12445160259365123
7,7,6,hybrid_gmm,True,,0.02412970003206283,0.0020711999968625605,2,15,0.0024341639163668284,Two-step SUR completed. `ftol` termination condition is satisfied.,0.5038319395822486,-0.2805094149232201,0.18836934355809132,2.508179455495489,0.09418467177904566,1.2540897277477445,,,-0.4436628361572661,0.12445160259365123
7,7,7,known_consumption_sur,True,,0.0071020000032149255,0.0020711999968625605,2,0,0.00024605148457223423,Two-step SUR completed.,0.5000628602442313,-0.28065051862739193,0.20615991658593225,2.503442149744762,,,-1.7938400834140678,0.5034421497447621,-0.8968072804812786,0.25168942837589175
8,8,1,loglinear_gmm,True,,0.08731539995642379,0.0021215000306256115,2,74,0.0018193398221005531,`xtol` termination condition is satisfied.,0.4999159913130935,-0.27574092418166507,0.19821140691849995,2.496826851836275,0.09910570345924997,1.2484134259181374,,,,
8,8,2,nonlinear_gmm,True,,0.31041979999281466,0.0021215000306256115,2,104,0.004250450811850373,`ftol` termination condition is satisfied.,0.4993898163405542,-0.27564491963144594,0.19872575562196312,2.4965120943257775,0.09936287781098156,1.2482560471628887,,,,
8,8,3,iterative_sur,True,,0.01677009998820722,0.0021215000306256115,4,0,8.728004296420816e-05,Iterative SUR converged.,0.5050885046086537,-0.27702960240652724,0.19956916751197085,2.4987726376846116,0.09978458375598542,1.2493863188423058,,,,
8,8,4,expenditure_ols,True,,0.0021671000286005437,0.0021215000306256115,1,0,0.0007783365590813725,OLS coefficients only; sigma and epsilon levels are not identified here.,,-0.2755201393346365,,,,,,,-0.43611069603358577,0.12015727973649885
8,8,5,tornqvist_sur,True,,0.004189400002360344,0.0021215000306256115,2,0,0.0006938884468598839,"Two-step SUR completed. Tornqvist slopes are approximate coefficients, not epsilon levels.",0.5041046217884934,-0.27699295929688506,,,,,,,-0.44449269153815385,0.12312134601499074
8,8,6,hybrid_gmm,True,,0.02284780004993081,0.0021215000306256115,2,14,0.0024262600394626727,Two-step SUR completed. `ftol` termination condition is satisfied.,0.5041046217884934,-0.27699295929688494,0.18111440583797944,2.503818503349411,0.09055720291898972,1.2519092516747055,,,-0.44449269153815385,0.12312134601499074
8,8,7,known_consumption_sur,True,,0.005616099981125444,0.0021215000306256115,2,0,0.000263990000493706,Two-step SUR completed.,0.49947099687680896,-0.276740277803287,0.19841210210411542,2.498571935350747,,,-1.8015878978958846,0.49857193535074695,-0.9017469945726324,0.2495497137863094
9,9,1,loglinear_gmm,True,,0.08114630001364276,0.0019117000047117472,2,74,0.000990490487532914,`xtol` termination condition is satisfied.,0.5018662987434279,-0.2815041341988495,0.19402716044390356,2.5083888205858766,0.09701358022195178,1.2541944102929383,,,,
9,9,2,nonlinear_gmm,True,,0.2746698000119068,0.0019117000047117472,2,90,0.002340961959466857,`ftol` termination condition is satisfied.,0.5024925290292067,-0.28140474695521706,0.19119048782205358,2.5090075830646246,0.09559524391102679,1.2545037915323123,,,,
9,9,3,iterative_sur,True,,0.013625900028273463,0.0019117000047117472,4,0,3.798110464876453e-05,Iterative SUR converged.,0.5094608827543107,-0.2819273200741887,0.18465939791389796,2.511794110967999,0.09232969895694898,1.2558970554839994,,,,
9,9,4,expenditure_ols,True,,0.002097399963531643,0.0019117000047117472,1,0,0.0006466177280307757,OLS coefficients only; sigma and epsilon levels are not identified here.,,-0.2801906480400379,,,,,,,-0.438186087569046,0.12277564383809979
9,9,5,tornqvist_sur,True,,0.004989299981389195,0.0019117000047117472,2,0,0.0005875047701077603,"Two-step SUR completed. Tornqvist slopes are approximate coefficients, not epsilon levels.",0.5058925472956972,-0.2817678915115231,,,,,,,-0.4438634246731912,0.12506646128924884
9,9,6,hybrid_gmm,True,,0.02295579999918118,0.0019117000047117472,2,14,0.00163242715340282,Two-step SUR completed. `ftol` termination condition is satisfied.,0.5058925472956972,-0.281767891511523,0.17783445536599696,2.513427743496469,0.08891722768299848,1.2567138717482345,,,-0.4438634246731912,0.12506646128924884
9,9,7,known_consumption_sur,True,,0.005807499983347952,0.0019117000047117472,2,0,0.00023778639988754916,Two-step SUR completed.,0.5017853767015067,-0.28186068325125,0.19678127933013356,2.5082564606594535,,,-1.8032187206698664,0.5082564606594535,-0.8983899356433286,0.2532208010864751
10,10,1,loglinear_gmm,True,,0.10016020003240556,0.0020271000103093684,2,91,0.0013003231718543519,`ftol` termination condition is satisfied.,0.5000593196387602,-0.2781290041510178,0.19994092871637545,2.5006486369091205,0.09997046435818772,1.2503243184545603,,,,
10,10,2,nonlinear_gmm,True,,0.3274127999902703,0.0020271000103093684,2,114,0.0021391276402005503,`ftol` termination condition is satisfied.,0.5002584660310957,-0.27796062649387127,0.20083310642861604,2.500097556904134,0.10041655321430802,1.250048778452067,,,,
10,10,3,iterative_sur,True,,0.016058900044299662,0.0020271000103093684,5,0,2.736334467987002e-05,Iterative SUR converged.,0.5080127421197334,-0.27882844793832,0.16934959426534424,2.51043741134865,0.08467479713267212,1.255218705674325,,,,
10,10,4,expenditure_ols,True,,0.0023116999655030668,0.0020271000103093684,1,0,0.0007126233181388518,OLS coefficients only; sigma and epsilon levels are not identified here.,,-0.2779514039461641,,,,,,,-0.4405559720802583,0.12245315095657486
10,10,5,tornqvist_sur,True,,0.005017699964810163,0.0020271000103093684,2,0,0.0005950390780125612,"Two-step SUR completed. Tornqvist slopes are approximate coefficients, not epsilon levels.",0.5029509704210617,-0.27866875956036785,,,,,,,-0.4465533286069109,0.12444046216044118
10,10,6,hybrid_gmm,True,,0.023834299994632602,0.0020271000103093684,2,14,0.0016247403127990006,Two-step SUR completed. `ftol` termination condition is satisfied.,0.5029509704210617,-0.27866875956036785,0.18969607389715426,2.504475149514344,0.09484803694857713,1.252237574757172,,,-0.4465533286069109,0.12444046216044118
10,10,7,known_consumption_sur,True,,0.006419299985282123,0.0020271000103093684,2,0,0.0002459192982798776,Two-step SUR completed.,0.49917462014110114,-0.27867759507834006,0.20663540290672433,2.4997705330165902,,,-1.7933645970932757,0.4997705330165903,-0.8981625055647409,0.2502977670403182
11,11,1,loglinear_gmm,True,,0.10711880004964769,0.0021311999880708754,2,91,0.0016529743591638985,`ftol` termination condition is satisfied.,0.5000241580812544,-0.2742360901083531,0.19858240588409518,2.494013717662742,0.09929120294204759,1.247006858831371,,,,
11,11,2,nonlinear_gmm,True,,0.3139635999687016,0.0021311999880708754,2,106,0.004731056065590516,`ftol` termination condition is satisfied.,0.5009915194058814,-0.2750294923417033,0.19499011235440256,2.4964309530709237,0.09749505617720128,1.2482154765354618,,,,
11,11,3,iterative_sur,True,,0.014943000045605004,0.0021311999880708754,4,0,1.1435030121501887e-05,Iterative SUR converged.,0.5085497397548426,-0.2734841531890295,0.1644569543808807,2.501991935473157,0.08222847719044035,1.2509959677365785,,,,
11,11,4,expenditure_ols,True,,0.00235580001026392,0.0021311999880708754,1,0,0.0005943153984399238,OLS coefficients only; sigma and epsilon levels are not identified here.,,-0.2732019286255149,,,,,,,-0.44014070700098834,0.12024729001926769
11,11,5,tornqvist_sur,True,,0.004226099990773946,0.0021311999880708754,2,0,0.0005492855445614071,"Two-step SUR completed. Tornqvist slopes are approximate coefficients, not epsilon levels.",0.5040904422161461,-0.27407037339832396,,,,,,,-0.45022013677113015,0.12339200099630813
11,11,6,hybrid_gmm,True,,0.023395400028675795,0.0021311999880708754,2,14,0.0022727727085919587,Two-step SUR completed. `ftol` termination condition is satisfied.,0.5040904422161461,-0.27407037339832396,0.18409618311814713,2.497685437148251,0.09204809155907356,1.2488427185741255,,,-0.45022013677113015,0.12339200099630813
11,11,7,known_consumption_sur,True,,0.005934800021350384,0.0021311999880708754,2,0,0.00025597047522626503,Two-step SUR completed.,0.5011209464153166,-0.27466126848871136,0.19135033542036894,2.496766011125124,,,-1.808649664579631,0.4967660111251238,-0.9022974329317414,0.24782615748314005
12,12,1,loglinear_gmm,True,,0.08471050002845004,0.0020489999442361295,2,70,0.0018058797486662555,`ftol` termination condition is satisfied.,0.5001737682636993,-0.27594226308786396,0.19815436664963545,2.497205361801685,0.09907718332481773,1.2486026809008426,,,,
12,12,2,nonlinear_gmm,True,,0.33668830001261085,0.0020489999442361295,2,103,0.0026306098684336504,`ftol` termination condition is satisfied.,0.49984941799872074,-0.2754888590440255,0.19970939973155463,2.4959600034156377,0.09985469986577732,1.2479800017078189,,,,
12,12,3,iterative_sur,True,,0.015119099989533424,0.0020489999442361295,3,0,7.708125073444523e-05,Iterative SUR converged.,0.5082063182544097,-0.2766327921130588,0.17774770743719315,2.5040947396260718,0.08887385371859657,1.2520473698130359,,,,
12,12,4,expenditure_ols,True,,0.0030756000196561217,0.0020489999442361295,1,0,0.0008230443881169924,OLS coefficients only; sigma and epsilon levels are not identified here.,,-0.2775293785904611,,,,,,,-0.4410084049069119,0.12239278856698572
12,12,5,tornqvist_sur,True,,0.005543600011151284,0.0020489999442361295,2,0,0.0005981641798375901,"Two-step SUR completed. Tornqvist slopes are approximate coefficients, not epsilon levels.",0.5046372769643418,-0.2765939488868297,,,,,,,-0.44676963707480855,0.12357377816125704
12,12,6,hybrid_gmm,True,,0.028931799985002726,0.0020489999442361295,2,16,0.0028160035002633512,Two-step SUR completed. `xtol` termination condition is satisfied.,0.5046372769643418,-0.2765939488868297,0.17896831961678883,2.5036863435252115,0.08948415980839441,1.2518431717626057,,,-0.44676963707480855,0.12357377816125704
12,12,7,known_consumption_sur,True,,0.0075465000118128955,0.0020489999442361295,2,0,0.0002303173158744563,Two-step SUR completed.,0.5011555987284104,-0.2761798777183104,0.1950812018946808,2.498482252952207,,,-1.8049187981053192,0.4984822529522068,-0.900373637184685,0.24866508101845666
13,13,1,loglinear_gmm,True,,0.11595270002726465,0.0024787000147625804,2,84,0.0021673477243428873,`ftol` termination condition is satisfied.,0.5010807012914219,-0.27595807810128803,0.1918925534503808,2.4989618559504603,0.0959462767251904,1.2494809279752301,,,,
13,13,2,nonlinear_gmm,True,,0.483815899991896,0.0024787000147625804,2,121,0.004541725146141211,`ftol` termination condition is satisfied.,0.5013394307113826,-0.2758975812301264,0.1903957948166225,2.4992654231939593,0.09519789740831125,1.2496327115969796,,,,
13,13,3,iterative_sur,True,,0.01870660000713542,0.0024787000147625804,4,0,3.251708148222596e-05,Iterative SUR converged.,0.5088705834419718,-0.2773036223080705,0.1733574614423372,2.506534592604049,0.0866787307211686,1.2532672963020246,,,,
13,13,4,expenditure_ols,True,,0.00270100001944229,0.0024787000147625804,1,0,0.0006776944944750601,OLS coefficients only; sigma and epsilon levels are not identified here.,,-0.27972471246123226,,,,,,,-0.43871891178459804,0.12272052145025142
13,13,5,tornqvist_sur,True,,0.005677800043486059,0.0024787000147625804,2,0,0.0006276195637413908,"Two-step SUR completed. Tornqvist slopes are approximate coefficients, not epsilon levels.",0.5056958972015775,-0.27733477755769986,,,,,,,-0.44630768590615594,0.12377664279307553
13,13,6,hybrid_gmm,True,,0.028366399987135082,0.0024787000147625804,2,14,0.002808831308293117,Two-step SUR completed. `ftol` termination condition is satisfied.,0.5056958972015775,-0.27733477755769975,0.17387050441271645,2.5064492174502537,0.08693525220635823,1.2532246087251269,,,-0.44630768590615594,0.12377664279307553
13,13,7,known_consumption_sur,True,,0.007896299997810274,0.0024787000147625804,2,0,0.00024105680587056515,Two-step SUR completed.,0.500998431422456,-0.27703295202175476,0.19206405053782105,2.5008578331457616,,,-1.807935949462179,0.5008578331457615,-0.9021628746693584,0.24992884437408475
14,14,1,loglinear_gmm,True,,0.11366960004670545,0.002626999979838729,2,72,0.002128023367006225,`ftol` termination condition is satisfied.,0.5005824307866193,-0.27371068714986463,0.19557469050709006,2.4938904913719115,0.09778734525354503,1.2469452456859558,,,,
14,14,2,nonlinear_gmm,True,,0.3050486000138335,0.002626999979838729,2,87,0.003974224924127863,`ftol` termination condition is satisfied.,0.5010253671966356,-0.27347573295019345,0.19176500575527688,2.4945083903972645,0.09588250287763844,1.2472541951986322,,,,
14,14,3,iterative_sur,True,,0.015482100017834455,0.002626999979838729,4,0,3.594604212385486e-06,Iterative SUR converged.,0.5103483109822634,-0.2740675740286985,0.17371663338984145,2.5005250517758104,0.08685831669492072,1.2502625258879052,,,,
14,14,4,expenditure_ols,True,,0.0024194999714381993,0.002626999979838729,1,0,0.0007403757543817715,OLS coefficients only; sigma and epsilon levels are not identified here.,,-0.27079537958054156,,,,,,,-0.4378356744686186,0.11856387766163201
14,14,5,tornqvist_sur,True,,0.004715599992778152,0.002626999979838729,2,0,0.0006210950646885844,"Two-step SUR completed. Tornqvist slopes are approximate coefficients, not epsilon levels.",0.5048394398091844,-0.27418248238224213,,,,,,,-0.4436055339885063,0.12162886650746874
14,14,6,hybrid_gmm,True,,0.023700299963820726,0.002626999979838729,2,14,0.00271081269451568,Two-step SUR completed. `ftol` termination condition is satisfied.,0.5048394398091844,-0.2741824823822422,0.1795519612315546,2.4991349623174166,0.0897759806157773,1.2495674811587083,,,-0.4436055339885063,0.12162886650746874
14,14,7,known_consumption_sur,True,,0.006342200038488954,0.002626999979838729,2,0,0.0002375740477389167,Two-step SUR completed.,0.5013840760205293,-0.2741192297979073,0.18720876133450126,2.496920938127381,,,-1.8127912386654987,0.49692093812738086,-0.9038865784490868,0.24777269270912938
15,15,1,loglinear_gmm,True,,0.07309540000278503,0.002044200024101883,2,61,0.0014161087206276232,`ftol` termination condition is satisfied.,0.49985676803604057,-0.2716839553223448,0.19967398027641375,2.4891196939082376,0.09983699013820688,1.2445598469541188,,,,
15,15,2,nonlinear_gmm,True,,0.2956920000142418,0.002044200024101883,2,89,0.003413857532000651,`ftol` termination condition is satisfied.,0.5002962431314918,-0.2715148694451929,0.20033019217825326,2.488637112915177,0.10016509608912663,1.2443185564575885,,,,
15,15,3,iterative_sur,True,,0.013505699986126274,0.002044200024101883,4,0,2.5001677190559464e-05,Iterative SUR converged.,0.5069615966678931,-0.27360179603588985,0.17592734179129743,2.499069555385861,0.08796367089564872,1.2495347776929304,,,,
15,15,4,expenditure_ols,True,,0.002257599961012602,0.002044200024101883,1,0,0.0005686869109262735,OLS coefficients only; sigma and epsilon levels are not identified here.,,-0.2733127885573689,,,,,,,-0.43798900965947635,0.11970799758751186
15,15,5,tornqvist_sur,True,,0.004508999991230667,0.002044200024101883,2,0,0.0004948955439178905,"Two-step SUR completed. Tornqvist slopes are approximate coefficients, not epsilon levels.",0.5052104277282848,-0.2733065774924253,,,,,,,-0.4453806504941898,0.12172546126791707
15,15,6,hybrid_gmm,True,,0.02432069997303188,0.002044200024101883,2,14,0.002334262412285335,Two-step SUR completed. `ftol` termination condition is satisfied.,0.5052104277282848,-0.27330657749242543,0.1764548215630235,2.4983868916214242,0.08822741078151175,1.2491934458107121,,,-0.4453806504941898,0.12172546126791707
15,15,7,known_consumption_sur,True,,0.005871900008060038,0.002044200024101883,2,0,0.0002368350614953954,Two-step SUR completed.,0.5008498070574555,-0.273309194796803,0.18991378618075783,2.4947132056117307,,,-1.8100862138192422,0.4947132056117309,-0.9035048828705146,0.24693619203232015
16,16,1,loglinear_gmm,True,,0.08563019998837262,0.0019125000108033419,2,76,0.0019553499398535703,`ftol` termination condition is satisfied.,0.5010503590447505,-0.2757831911405336,0.19672363954610178,2.497313309194263,0.09836181977305089,1.2486566545971316,,,,
16,16,2,nonlinear_gmm,True,,0.2516932000289671,0.0019125000108033419,2,82,0.005342353867828279,`ftol` termination condition is satisfied.,0.5013730155964444,-0.2759356774170443,0.19824126659099942,2.4971695166452883,0.09912063329549971,1.2485847583226442,,,,
16,16,3,iterative_sur,True,,0.015800399996805936,0.0019125000108033419,4,0,3.329853966922898e-05,Iterative SUR converged.,0.5097830535302799,-0.27634608471591326,0.16518341571982598,2.5070443792376516,0.08259170785991299,1.2535221896188258,,,,
16,16,4,expenditure_ols,True,,0.002533300023060292,0.0019125000108033419,1,0,0.0006806978415855818,OLS coefficients only; sigma and epsilon levels are not identified here.,,-0.27724375713187643,,,,,,,-0.4409734686398975,0.12225714124120088
16,16,5,tornqvist_sur,True,,0.004863000009208918,0.0019125000108033419,2,0,0.0005794564623266236,"Two-step SUR completed. Tornqvist slopes are approximate coefficients, not epsilon levels.",0.506482080882941,-0.27656079163190816,,,,,,,-0.44820732582284123,0.12395657284478558
16,16,6,hybrid_gmm,True,,0.024343700031749904,0.0019125000108033419,2,14,0.002978220157098533,Two-step SUR completed. `ftol` termination condition is satisfied.,0.506482080882941,-0.27656079163190816,0.17446873183056466,2.5048703726737402,0.08723436591528233,1.2524351863368701,,,-0.44820732582284123,0.12395657284478558
16,16,7,known_consumption_sur,True,,0.005092499952297658,0.0019125000108033419,2,0,0.00024394039248377202,Two-step SUR completed.,0.5002648178948228,-0.27655225609317496,0.2003330183106551,2.497701964002583,,,-1.799666981689345,0.49770196400258293,-0.8993569068231994,0.24871918161493514
17,17,1,loglinear_gmm,True,,0.0794029999524355,0.0020605000318028033,2,71,0.0024099975895761857,`ftol` termination condition is satisfied.,0.5005946541041525,-0.27802778481457135,0.20026304216777222,2.50037687963501,0.10013152108388611,1.250188439817505,,,,
17,17,2,nonlinear_gmm,True,,0.31586269999388605,0.0020605000318028033,2,108,0.005536964814331691,`ftol` termination condition is satisfied.,0.5001146421099327,-0.276885765258433,0.200821384297692,2.4981669478453417,0.100410692148846,1.2490834739226708,,,,
17,17,3,iterative_sur,True,,0.010988000023644418,0.0020605000318028033,3,0,5.4064906985792795e-05,Iterative SUR converged.,0.5087326772686523,-0.27726163474274834,0.19950994927730892,2.4992068148014273,0.09975497463865446,1.2496034074007136,,,,
17,17,4,expenditure_ols,True,,0.0022311999928206205,0.0020605000318028033,1,0,0.0007301468333533336,OLS coefficients only; sigma and epsilon levels are not identified here.,,-0.28040055318379975,,,,,,,-0.4384611995498016,0.12294476290339677
17,17,5,tornqvist_sur,True,,0.0042767999693751335,0.0020605000318028033,2,0,0.0006205469482143915,"Two-step SUR completed. Tornqvist slopes are approximate coefficients, not epsilon levels.",0.5042098629590765,-0.2772343973137611,,,,,,,-0.44477918421267165,0.12330808907290634
17,17,6,hybrid_gmm,True,,0.022340499970596284,0.0020605000318028033,2,15,0.002957983895604654,Two-step SUR completed. Both `ftol` and `xtol` termination conditions are satisfied.,0.5042098629590765,-0.2772343973137612,0.18395714181310052,2.5034695472854054,0.09197857090655026,1.2517347736427027,,,-0.44477918421267165,0.12330808907290634
17,17,7,known_consumption_sur,True,,0.005652500025462359,0.0020605000318028033,2,0,0.0002491416903434543,Two-step SUR completed.,0.4997376639393918,-0.27730533128035495,0.202046926464293,2.4985819726833514,,,-1.797953073535707,0.4985819726833516,-0.8994482046943233,0.24942178237227983
18,18,1,loglinear_gmm,True,,0.09304269996937364,0.0019538000342436135,2,80,0.0009757572197173869,`ftol` termination condition is satisfied.,0.4998811416145428,-0.2807942006724355,0.2018970861411636,2.504896870423769,0.1009485430705818,1.2524484352118845,,,,
18,18,2,nonlinear_gmm,True,,0.2827994999825023,0.0019538000342436135,2,92,0.0015271696682933307,`ftol` termination condition is satisfied.,0.5000476440692676,-0.28089502654196236,0.20162124440164597,2.505155648286301,0.10081062220082299,1.2525778241431504,,,,
18,18,3,iterative_sur,True,,0.01091499999165535,0.0019538000342436135,3,0,9.846359338158853e-05,Iterative SUR converged.,0.5084188587353589,-0.28083207604867416,0.18883393433154994,2.50863352629058,0.09441696716577497,1.25431676314529,,,,
18,18,4,expenditure_ols,True,,0.002279200009070337,0.0019538000342436135,1,0,0.0006384384260757901,OLS coefficients only; sigma and epsilon levels are not identified here.,,-0.2814191179124996,,,,,,,-0.4390542921029739,0.12355827159931586
18,18,5,tornqvist_sur,True,,0.004897899983916432,0.0019538000342436135,2,0,0.0005403352688613008,"Two-step SUR completed. Tornqvist slopes are approximate coefficients, not epsilon levels.",0.5032609872335987,-0.28158499619543564,,,,,,,-0.4424149498862592,0.12457741198052613
18,18,6,hybrid_gmm,True,,0.023426900035701692,0.0019538000342436135,2,14,0.0014518835563209335,Two-step SUR completed. `ftol` termination condition is satisfied.,0.5032609872335987,-0.28158499619543564,0.18876690724786815,2.510016063531656,0.09438345362393408,1.255008031765828,,,-0.4424149498862592,0.12457741198052613
18,18,7,known_consumption_sur,True,,0.006393599964212626,0.0019538000342436135,2,0,0.00023621949514063351,Two-step SUR completed.,0.5004359501840574,-0.28192644020803326,0.20218413384234935,2.5068518272953484,,,-1.7978158661576507,0.5068518272953484,-0.8981241749210724,0.25320495150027494
19,19,1,loglinear_gmm,True,,0.08388630003901199,0.0018996000289916992,2,80,0.002516622775162504,`ftol` termination condition is satisfied.,0.49770175871661654,-0.27564680584648327,0.20545251964769864,2.4946612808989665,0.10272625982384932,1.2473306404494833,,,,
19,19,2,nonlinear_gmm,True,,0.3409724000375718,0.0018996000289916992,2,121,0.005153542157611384,`ftol` termination condition is satisfied.,0.4993816146970156,-0.2755276145460632,0.20120614632800102,2.495617379562366,0.10060307316400051,1.247808689781183,,,,
19,19,3,iterative_sur,True,,0.014714799995999783,0.0018996000289916992,4,0,4.2536524539014296e-05,Iterative SUR converged.,0.5084513867453984,-0.27607170083430654,0.1657870822716181,2.5063742798895303,0.08289354113580905,1.2531871399447652,,,,
19,19,4,expenditure_ols,True,,0.002351099974475801,0.0018996000289916992,1,0,0.0006695973024115199,OLS coefficients only; sigma and epsilon levels are not identified here.,,-0.27546722327822293,,,,,,,-0.4435068573596072,0.12217160250170189
19,19,5,tornqvist_sur,True,,0.004843199974857271,0.0018996000289916992,2,0,0.000594455265319149,"Two-step SUR completed. Tornqvist slopes are approximate coefficients, not epsilon levels.",0.5033658240189767,-0.2763698482778514,,,,,,,-0.44805448753547117,0.12382875074038861
19,19,6,hybrid_gmm,True,,0.02265369996894151,0.0018996000289916992,2,16,0.00360840764917986,Two-step SUR completed. `xtol` termination condition is satisfied.,0.5033658240189767,-0.27636984827785127,0.1823509903475189,2.502343381020043,0.09117549517375945,1.2511716905100214,,,-0.44805448753547117,0.12382875074038861
19,19,7,known_consumption_sur,True,,0.0061932000098749995,0.0018996000289916992,2,0,0.00024747389258076967,Two-step SUR completed.,0.4993597366314594,-0.27640575965142195,0.20158683503220676,2.497091757030041,,,-1.7984131649677932,0.49709175703004094,-0.9003580405549267,0.2488641481578503
20,20,1,loglinear_gmm,True,,0.08864879998145625,0.00198529998306185,2,74,0.0016656084857509404,`ftol` termination condition is satisfied.,0.49949625267560976,-0.27269538532833315,0.19843140345731433,2.491279442629632,0.09921570172865717,1.245639721314816,,,,
20,20,2,nonlinear_gmm,True,,0.36174590000882745,0.00198529998306185,2,120,0.0035544114953545303,`ftol` termination condition is satisfied.,0.5002600835315968,-0.2726319937868157,0.19930446827657708,2.490927213016767,0.09965223413828854,1.2454636065083835,,,,
20,20,3,iterative_sur,True,,0.010244600009173155,0.00198529998306185,3,0,8.670533632903402e-05,Iterative SUR converged.,0.5091149518385549,-0.27437977943969605,0.19244974706919749,2.4959552397253204,0.09622487353459874,1.2479776198626602,,,,
20,20,4,expenditure_ols,True,,0.0024933000095188618,0.00198529998306185,1,0,0.0007612260694097175,OLS coefficients only; sigma and epsilon levels are not identified here.,,-0.27486288495628064,,,,,,,-0.45023984922378973,0.12375422387993165
20,20,5,tornqvist_sur,True,,0.00473960000090301,0.00198529998306185,2,0,0.0006973271768216638,"Two-step SUR completed. Tornqvist slopes are approximate coefficients, not epsilon levels.",0.5047013097733698,-0.27474579204786226,,,,,,,-0.4516906503330625,0.12410010548637125
20,20,6,hybrid_gmm,True,,0.023167299979832023,0.00198529998306185,2,14,0.002613955346702704,Two-step SUR completed. `ftol` termination condition is satisfied.,0.5047013097733698,-0.2747457920478622,0.17749252807001126,2.5007262588885517,0.08874626403500563,1.2503631294442759,,,-0.4516906503330625,0.12410010548637125
20,20,7,known_consumption_sur,True,,0.006994299998041242,0.00198529998306185,2,0,0.0002504074901677849,Two-step SUR completed.,0.4991529050634068,-0.2754009951727042,0.19908901679868163,2.495972676991096,,,-1.8009109832013184,0.4959726769910963,-0.9019810341757841,0.2484064744389159
21,21,1,loglinear_gmm,True,,0.09336719999555498,0.002375999989453703,2,82,0.0012862160162079297,`xtol` termination condition is satisfied.,0.5000180299850656,-0.2768501729807001,0.20255980525689826,2.497621628837091,0.10127990262844913,1.2488108144185455,,,,
21,21,2,nonlinear_gmm,True,,0.2922291000140831,0.002375999989453703,2,92,0.003348050075290797,`ftol` termination condition is satisfied.,0.5003968757992465,-0.27674602686955035,0.20069361598824695,2.49795089289627,0.10034680799412347,1.248975446448135,,,,
21,21,3,iterative_sur,True,,0.009497600025497377,0.002375999989453703,3,0,5.9072036780404236e-05,Iterative SUR converged.,0.5088775180226035,-0.27663984295137695,0.18062626972399087,2.503311263013416,0.09031313486199544,1.251655631506708,,,,
21,21,4,expenditure_ols,True,,0.002253000042401254,0.002375999989453703,1,0,0.0006501396199821981,OLS coefficients only; sigma and epsilon levels are not identified here.,,-0.275085149476347,,,,,,,-0.441243362590612,0.12137949635368447
21,21,5,tornqvist_sur,True,,0.00445369997760281,0.002375999989453703,2,0,0.0005387190427077695,"Two-step SUR completed. Tornqvist slopes are approximate coefficients, not epsilon levels.",0.5031449005960402,-0.27673510594101625,,,,,,,-0.44714605023345394,0.12374100958246184
21,21,6,hybrid_gmm,True,,0.021410199988167733,0.002375999989453703,2,15,0.001536629544540473,Two-step SUR completed. `xtol` termination condition is satisfied.,0.5031449005960402,-0.2767351059410162,0.1901572721807281,2.500847019019644,0.09507863609036404,1.250423509509822,,,-0.44714605023345394,0.12374100958246184
21,21,7,known_consumption_sur,True,,0.006273499981034547,0.002375999989453703,2,0,0.00022725391587437654,Two-step SUR completed.,0.5005854249652357,-0.2769711595182395,0.19812558968356542,2.4990672447315867,,,-1.8018744103164346,0.49906724473158687,-0.8998823428941986,0.24924145594139613
22,22,1,loglinear_gmm,True,,0.07781839999370277,0.001908399979583919,2,62,0.0015333170651889328,`ftol` termination condition is satisfied.,0.49928166629898507,-0.27934635297544225,0.2029495696929855,2.5019994838192137,0.10147478484649275,1.2509997419096068,,,,
22,22,2,nonlinear_gmm,True,,0.26628129999153316,0.001908399979583919,2,85,0.0026673904568359666,`ftol` termination condition is satisfied.,0.49880535164762735,-0.279567700108906,0.205027024098781,2.5018164666303426,0.1025135120493905,1.2509082333151713,,,,
22,22,3,iterative_sur,True,,0.014580100018065423,0.001908399979583919,4,0,9.828634984456338e-05,Iterative SUR converged.,0.50533176899371,-0.28032002664636746,0.20306184819777795,2.503717750595073,0.10153092409888897,1.2518588752975366,,,,
22,22,4,expenditure_ols,True,,0.002435999980662018,0.001908399979583919,1,0,0.0007736847769325104,OLS coefficients only; sigma and epsilon levels are not identified here.,,-0.27974458809792585,,,,,,,-0.44132914328107553,0.12345943940277497
22,22,5,tornqvist_sur,True,,0.004943100037053227,0.001908399979583919,2,0,0.0007277411285457538,"Two-step SUR completed. Tornqvist slopes are approximate coefficients, not epsilon levels.",0.5036230531377133,-0.28027704723698427,,,,,,,-0.4468588398105971,0.12524427615385872
22,22,6,hybrid_gmm,True,,0.025276899978052825,0.001908399979583919,2,15,0.0022664498423075933,Two-step SUR completed. Both `ftol` and `xtol` termination conditions are satisfied.,0.5036230531377133,-0.2802770472369842,0.18548491939529388,2.5085669289588655,0.09274245969764694,1.2542834644794327,,,-0.4468588398105971,0.12524427615385872
22,22,7,known_consumption_sur,True,,0.00629390001995489,0.001908399979583919,2,0,0.0002504949576102578,Two-step SUR completed.,0.4995243744603046,-0.28056374673148904,0.20647863239715125,2.5031970747376393,,,-1.7935213676028487,0.5031970747376395,-0.8976137283698457,0.251837870749065
23,23,1,loglinear_gmm,True,,0.08072389999870211,0.001894199987873435,2,64,0.0024312463941047768,`ftol` termination condition is satisfied.,0.5002023519041667,-0.2789115540200201,0.19652707789648616,2.5030094353369177,0.09826353894824308,1.2515047176684588,,,,
23,23,2,nonlinear_gmm,True,,0.3554818000411615,0.001894199987873435,2,120,0.005150993972418836,`ftol` termination condition is satisfied.,0.5015064136528143,-0.27876097704143266,0.19048630325226446,2.5044218060752534,0.09524315162613223,1.2522109030376267,,,,
23,23,3,iterative_sur,True,,0.013981199997942895,0.001894199987873435,4,0,8.063208492880011e-05,Iterative SUR converged.,0.5060630838637764,-0.27962075964934385,0.16862975425599314,2.5120891393141447,0.08431487712799657,1.2560445696570723,,,,
23,23,4,expenditure_ols,True,,0.0024081000010482967,0.001894199987873435,1,0,0.0007276916435653861,OLS coefficients only; sigma and epsilon levels are not identified here.,,-0.2807065123824352,,,,,,,-0.44234293729777374,0.1241685432058603
23,23,5,tornqvist_sur,True,,0.004190300009213388,0.001894199987873435,2,0,0.0006007772073976503,"Two-step SUR completed. Tornqvist slopes are approximate coefficients, not epsilon levels.",0.503958929762673,-0.2798790577024441,,,,,,,-0.44651804233410086,0.12497104893560818
23,23,6,hybrid_gmm,True,,0.022196500038262457,0.001894199987873435,2,16,0.002881768064183263,Two-step SUR completed. `xtol` termination condition is satisfied.,0.503958929762673,-0.279879057702444,0.18158816249027754,2.508935391597191,0.09079408124513877,1.2544676957985954,,,-0.44651804233410086,0.12497104893560818
23,23,7,known_consumption_sur,True,,0.005855900002643466,0.001894199987873435,2,0,0.00023322686489823127,Two-step SUR completed.,0.5014684436424887,-0.2797353755962433,0.19355765391195012,2.5053258281758994,,,-1.8064423460880499,0.5053258281758995,-0.9005685142653896,0.25192087158817955
24,24,1,loglinear_gmm,True,,0.08182459999807179,0.0018419999978505075,2,68,0.0017211074737558505,`ftol` termination condition is satisfied.,0.49982407275601665,-0.27611135818133126,0.19998924893897155,2.4970034132164587,0.09999462446948577,1.2485017066082293,,,,
24,24,2,nonlinear_gmm,True,,0.29273960000136867,0.0018419999978505075,2,90,0.004175548467458544,`ftol` termination condition is satisfied.,0.5003667850639323,-0.27599758445440115,0.19728709745536258,2.497544406567102,0.09864354872768129,1.248772203283551,,,,
24,24,3,iterative_sur,True,,0.01989930000854656,0.0018419999978505075,5,0,4.414461891721607e-05,Iterative SUR converged.,0.5078480606275788,-0.27604239808065695,0.17443124506509444,2.5039343769733504,0.08721562253254722,1.2519671884866752,,,,
24,24,4,expenditure_ols,True,,0.0026245000190101564,0.0018419999978505075,1,0,0.0007835507235450227,OLS coefficients only; sigma and epsilon levels are not identified here.,,-0.2754427025211943,,,,,,,-0.44243723382480477,0.12186610738070577
24,24,5,tornqvist_sur,True,,0.004694699950050563,0.0018419999978505075,2,0,0.0006671839404319655,"Two-step SUR completed. Tornqvist slopes are approximate coefficients, not epsilon levels.",0.5035856601080351,-0.2767991236591443,,,,,,,-0.4474065929473735,0.12384175284715646
24,24,6,hybrid_gmm,True,,0.024685300013516098,0.0018419999978505075,2,15,0.0021876648823653567,Two-step SUR completed. Both `ftol` and `xtol` termination conditions are satisfied.,0.5035856601080351,-0.2767991236591442,0.1850639383912105,2.5023727113506915,0.09253196919560525,1.2511863556753458,,,-0.4474065929473735,0.12384175284715646
24,24,7,known_consumption_sur,True,,0.006252699997276068,0.0018419999978505075,2,0,0.0002467062691468275,Two-step SUR completed.,0.4988339458588599,-0.27750707810878666,0.20514361973634054,2.4980853497118813,,,-1.7948563802636595,0.49808534971188145,-0.8995210898467879,0.2496234693406135
25,25,1,loglinear_gmm,True,,0.08176209998782724,0.002230799989774823,2,71,0.002657990254823243,`ftol` termination condition is satisfied.,0.5002446992414841,-0.27752699631995964,0.1978041150073654,2.5001580107421972,0.0989020575036827,1.2500790053710986,,,,
25,25,2,nonlinear_gmm,True,,0.33686499996110797,0.002230799989774823,2,107,0.005209396459212351,`ftol` termination condition is satisfied.,0.5001487014541314,-0.2775427743708805,0.19810119638102744,2.50010399309198,0.09905059819051372,1.25005199654599,,,,
25,25,3,iterative_sur,True,,0.014234199945349246,0.002230799989774823,4,0,3.171991058940527e-05,Iterative SUR converged.,0.5123010781609934,-0.2781153065087009,0.1823044151510702,2.5055289647197725,0.0911522075755351,1.2527644823598862,,,,
25,25,4,expenditure_ols,True,,0.002439200005028397,0.002230799989774823,1,0,0.0006345790620817185,OLS coefficients only; sigma and epsilon levels are not identified here.,,-0.28124069304675053,,,,,,,-0.43926520385426426,0.12353925036329544
25,25,5,tornqvist_sur,True,,0.003565400023944676,0.002230799989774823,2,0,0.0005965411111488201,"Two-step SUR completed. Tornqvist slopes are approximate coefficients, not epsilon levels.",0.5063903131621078,-0.27848015890220784,,,,,,,-0.44783632781006705,0.1247135317307287
25,25,6,hybrid_gmm,True,,0.02343579998705536,0.002230799989774823,2,14,0.004031325462285213,Two-step SUR completed. `ftol` termination condition is satisfied.,0.5063903131621078,-0.2784801589022078,0.17419434187254912,2.5084506497998826,0.08709717093627456,1.2542253248999413,,,-0.44783632781006705,0.1247135317307287
25,25,7,known_consumption_sur,True,,0.005306500010192394,0.002230799989774823,2,0,0.00027355095675313647,Two-step SUR completed.,0.50021125046811,-0.2790040888910736,0.20131641832402858,2.5018400739088373,,,-1.7986835816759714,0.5018400739088373,-0.898961818089375,0.2508140230038891
26,26,1,loglinear_gmm,True,,0.07544980000238866,0.001895099994726479,2,59,0.0014990803231002014,`ftol` termination condition is satisfied.,0.5016679763557583,-0.2731775566088143,0.19479787427494513,2.493140705890608,0.09739893713747257,1.246570352945304,,,,
26,26,2,nonlinear_gmm,True,,0.2866432999726385,0.001895099994726479,2,103,0.002493410896198972,`xtol` termination condition is satisfied.,0.5016398028315445,-0.27312984728450784,0.19305397595533164,2.493530891598669,0.09652698797766582,1.2467654457993345,,,,
26,26,3,iterative_sur,True,,0.01409589999821037,0.001895099994726479,4,0,6.742537383795144e-05,Iterative SUR converged.,0.5083477999358093,-0.2749522769361323,0.15270584687278665,2.5079177335731315,0.07635292343639333,1.2539588667865658,,,,
26,26,4,expenditure_ols,True,,0.0022647000150755048,0.001895099994726479,1,0,0.00061955119789667,OLS coefficients only; sigma and epsilon levels are not identified here.,,-0.2733120657752587,,,,,,,-0.4429107542937671,0.12105285321010752
26,26,5,tornqvist_sur,True,,0.004264899995177984,0.001895099994726479,2,0,0.0006314263743485893,"Two-step SUR completed. Tornqvist slopes are approximate coefficients, not epsilon levels.",0.5058889413146677,-0.2747111016448401,,,,,,,-0.44605578817091723,0.1225364769634901
26,26,6,hybrid_gmm,True,,0.024654999957419932,0.001895099994726479,2,17,0.0022643158632368564,Two-step SUR completed. Both `ftol` and `xtol` termination conditions are satisfied.,0.5058889413146677,-0.27471110164484014,0.1782387453355303,2.5004580412027626,0.08911937266776515,1.2502290206013813,,,-0.44605578817091723,0.1225364769634901
26,26,7,known_consumption_sur,True,,0.005694999999832362,0.001895099994726479,2,0,0.0002457374673971845,Two-step SUR completed.,0.502040961108768,-0.2751964806551743,0.1890270325323804,2.4983733872087464,,,-1.8109729674676196,0.49837338720874647,-0.9017903583381783,0.24816953290343524
27,27,1,loglinear_gmm,True,,0.08985669998219237,0.001839799981098622,2,74,0.0021306342623696223,`ftol` termination condition is satisfied.,0.500421926867246,-0.2761406418484484,0.19676694487147187,2.4979459332455303,0.09838347243573593,1.2489729666227651,,,,
27,27,2,nonlinear_gmm,True,,0.35361320001538843,0.001839799981098622,2,120,0.004810736158914897,`ftol` termination condition is satisfied.,0.49982989270563355,-0.27610929247261845,0.19879359994983856,2.497329824715002,0.09939679997491928,1.248664912357501,,,,
27,27,3,iterative_sur,True,,0.010323199967388064,0.001839799981098622,3,0,9.409796361439478e-05,Iterative SUR converged.,0.5075203074716379,-0.2764477457836163,0.1819190371384949,2.5026043838351697,0.09095951856924744,1.2513021919175848,,,,
27,27,4,expenditure_ols,True,,0.0021998999873176217,0.001839799981098622,1,0,0.000674538261649729,OLS coefficients only; sigma and epsilon levels are not identified here.,,-0.27678908066860625,,,,,,,-0.44435526979677625,0.12299268661730019
27,27,5,tornqvist_sur,True,,0.00457209994783625,0.001839799981098622,2,0,0.000589786487602562,"Two-step SUR completed. Tornqvist slopes are approximate coefficients, not epsilon levels.",0.5018429285783093,-0.27664763678617454,,,,,,,-0.44800120565657264,0.1239384748222478
27,27,6,hybrid_gmm,True,,0.02351600001566112,0.001839799981098622,2,14,0.002228207613691386,Two-step SUR completed. `ftol` termination condition is satisfied.,0.5018429285783093,-0.2766476367861747,0.1908449033193318,2.5004984820763703,0.0954224516596659,1.2502492410381851,,,-0.44800120565657264,0.1239384748222478
27,27,7,known_consumption_sur,True,,0.0060816999757662416,0.001839799981098622,2,0,0.00023862096729092186,Two-step SUR completed.,0.4999535682258581,-0.27640755291868385,0.19703976117632038,2.498351827622939,,,-1.8029602388236796,0.4983518276229391,-0.9015638340544356,0.24919905317097293
28,28,1,loglinear_gmm,True,,0.08604600001126528,0.002216599998064339,2,77,0.0010450084802302118,Both `ftol` and `xtol` termination conditions are satisfied.,0.5022769986547574,-0.280237440557569,0.1909435881605722,2.5069653386781408,0.0954717940802861,1.2534826693390704,,,,
28,28,2,nonlinear_gmm,True,,0.2760374000063166,0.002216599998064339,2,90,0.002312291234764353,`ftol` termination condition is satisfied.,0.5026540299557397,-0.2798316972994807,0.19109909957224097,2.506187809213259,0.09554954978612049,1.2530939046066294,,,,
28,28,3,iterative_sur,True,,0.013826099981088191,0.002216599998064339,4,0,3.901856423741764e-05,Iterative SUR converged.,0.508796543822136,-0.2798521041491583,0.19415546617473423,2.5053693925572564,0.09707773308736711,1.2526846962786282,,,,
28,28,4,expenditure_ols,True,,0.0024185999645851552,0.002216599998064339,1,0,0.0007449547333520776,OLS coefficients only; sigma and epsilon levels are not identified here.,,-0.28112253361966155,,,,,,,-0.43574390890201414,0.1224974316798692
28,28,5,tornqvist_sur,True,,0.0051321000210009515,0.002216599998064339,2,0,0.0006311572887735768,"Two-step SUR completed. Tornqvist slopes are approximate coefficients, not epsilon levels.",0.5061764389664349,-0.27966988353989153,,,,,,,-0.44420334759573715,0.12423029849012976
28,28,6,hybrid_gmm,True,,0.0235990000073798,0.002216599998064339,2,15,0.0016240419204205667,Two-step SUR completed. Both `ftol` and `xtol` termination conditions are satisfied.,0.5061764389664349,-0.2796698835398915,0.17400495650880066,2.510675821157603,0.08700247825440033,1.2553379105788014,,,-0.44420334759573715,0.12423029849012976
28,28,7,known_consumption_sur,True,,0.005994900013320148,0.002216599998064339,2,0,0.00025489536513060575,Two-step SUR completed.,0.5024922489672423,-0.279962719511077,0.19431016915101718,2.505525835637978,,,-1.8056898308489828,0.5055258356379778,-0.898344686808398,0.25150302157720583
29,29,1,loglinear_gmm,True,,0.07912330003455281,0.002140500000678003,2,67,0.0021780552939390484,`ftol` termination condition is satisfied.,0.4995038719867389,-0.28008824008314376,0.2061063130223716,2.502448525681826,0.1030531565111858,1.251224262840913,,,,
29,29,2,nonlinear_gmm,True,,0.25968050002120435,0.002140500000678003,2,84,0.004241624923752927,`ftol` termination condition is satisfied.,0.5006177432790674,-0.28081303689885573,0.20233813381032548,2.504806887961987,0.10116906690516274,1.2524034439809935,,,,
29,29,3,iterative_sur,True,,0.014330199977848679,0.002140500000678003,4,0,3.870027057329195e-05,Iterative SUR converged.,0.5089429219903732,-0.2793271969116833,0.19046043653304112,2.5054536139640167,0.09523021826652056,1.2527268069820083,,,,
29,29,4,expenditure_ols,True,,0.0022912999847903848,0.002140500000678003,1,0,0.0007871284993783078,OLS coefficients only; sigma and epsilon levels are not identified here.,,-0.2781560477109426,,,,,,,-0.43881603234829647,0.1220593332301993
29,29,5,tornqvist_sur,True,,0.003765299974475056,0.002140500000678003,2,0,0.0006579425916590423,"Two-step SUR completed. Tornqvist slopes are approximate coefficients, not epsilon levels.",0.5047190539427492,-0.2797679425836631,,,,,,,-0.4442513745993077,0.12428729306161253
29,29,6,hybrid_gmm,True,,0.024623100005555898,0.002140500000678003,2,14,0.003259996005628271,Two-step SUR completed. `ftol` termination condition is satisfied.,0.5047190539427492,-0.279767942583663,0.18487991342618804,2.5078124121630356,0.09243995671309402,1.2539062060815178,,,-0.4442513745993077,0.12428729306161253
29,29,7,known_consumption_sur,True,,0.006253700004890561,0.002140500000678003,2,0,0.00023185043707255252,Two-step SUR completed.,0.500814320061653,-0.2795883400845636,0.20227257312853109,2.5026236272034876,,,-1.797727426871469,0.5026236272034877,-0.8973997879266491,0.25090251709865125
30,30,1,loglinear_gmm,True,,0.0782043999643065,0.0025594999897293746,2,65,0.002832894177851477,`ftol` termination condition is satisfied.,0.5003639216313254,-0.2765250241940549,0.19732848225333646,2.4984837850588297,0.09866424112666823,1.2492418925294149,,,,
30,30,2,nonlinear_gmm,True,,0.33788159996038303,0.0025594999897293746,2,116,0.0058840556782600514,`ftol` termination condition is satisfied.,0.5013055851056807,-0.2758382818438984,0.1943681899659212,2.4980623761224887,0.0971840949829606,1.2490311880612444,,,,
30,30,3,iterative_sur,True,,0.013641399971675128,0.0025594999897293746,4,0,1.278371909080542e-05,Iterative SUR converged.,0.509965801782829,-0.27744262166967254,0.17618258485570792,2.506004685104438,0.08809129242785396,1.253002342552219,,,,
30,30,4,expenditure_ols,True,,0.0022889000247232616,0.0025594999897293746,1,0,0.0005977064187423346,OLS coefficients only; sigma and epsilon levels are not identified here.,,-0.28006547157735584,,,,,,,-0.43793120137611413,0.12264940843183939
30,30,5,tornqvist_sur,True,,0.0036540000000968575,0.0025594999897293746,2,0,0.0005742974949219628,"Two-step SUR completed. Tornqvist slopes are approximate coefficients, not epsilon levels.",0.5069151768432457,-0.2778766435353543,,,,,,,-0.4449579898238137,0.12364343272647968
30,30,6,hybrid_gmm,True,,0.021891599986702204,0.0025594999897293746,2,15,0.004190097245315682,Two-step SUR completed. `xtol` termination condition is satisfied.,0.5069151768432457,-0.2778766435353543,0.17079444073157002,2.508293501145722,0.08539722036578501,1.254146750572861,,,-0.4449579898238137,0.12364343272647968
30,30,7,known_consumption_sur,True,,0.004964300023857504,0.0025594999897293746,2,0,0.0002464099005754035,Two-step SUR completed.,0.5011617484457633,-0.27759313732495877,0.1948989118944533,2.5010836742359155,,,-1.8051010881055467,0.5010836742359155,-0.9004534706692209,0.24995970393821676
31,31,1,loglinear_gmm,True,,0.08085700002266094,0.0019209000165574253,2,66,0.0011965360043031234,`ftol` termination condition is satisfied.,0.4995154941849603,-0.2772793720373444,0.19990660152950857,2.499128767136467,0.09995330076475428,1.2495643835682335,,,,
31,31,2,nonlinear_gmm,True,,0.3471548000234179,0.0019209000165574253,2,112,0.0026010126621522295,`ftol` termination condition is satisfied.,0.49966842313524107,-0.27714214207980525,0.20142237902122057,2.498461654574859,0.10071118951061028,1.2492308272874295,,,,
31,31,3,iterative_sur,True,,0.013142300012987107,0.0019209000165574253,4,0,2.4426902871415e-05,Iterative SUR converged.,0.505147953026436,-0.2781716240945355,0.18034977829193832,2.506175057456513,0.09017488914596916,1.2530875287282566,,,,
31,31,4,expenditure_ols,True,,0.002411699970252812,0.0019209000165574253,1,0,0.0006620832165720323,OLS coefficients only; sigma and epsilon levels are not identified here.,,-0.2763820971035335,,,,,,,-0.4338675134820124,0.11991321324125419
31,31,5,tornqvist_sur,True,,0.004593599995132536,0.0019209000165574253,2,0,0.0006150411818408322,"Two-step SUR completed. Tornqvist slopes are approximate coefficients, not epsilon levels.",0.5033175234548701,-0.27835491027816556,,,,,,,-0.4432087214033752,0.12336932388073697
31,31,6,hybrid_gmm,True,,0.022079499962273985,0.0019209000165574253,2,13,0.001645545717661735,Two-step SUR completed. `ftol` termination condition is satisfied.,0.5033175234548701,-0.27835491027816556,0.185258193528675,2.5051422927183618,0.0926290967643375,1.2525711463591809,,,-0.4432087214033752,0.12336932388073697
31,31,7,known_consumption_sur,True,,0.006395000033080578,0.0019209000165574253,2,0,0.00023957502079990844,Two-step SUR completed.,0.4991891435561322,-0.2785111505985467,0.2030462617227493,2.500471653219957,,,-1.7969537382772507,0.5004716532199568,-0.8999339406566398,0.25064163727496497
32,32,1,loglinear_gmm,True,,0.0882215999881737,0.001997399958781898,2,76,0.001575752134759311,`ftol` termination condition is satisfied.,0.5005606706385832,-0.27844931301931714,0.19736307865009017,2.501943012373139,0.09868153932504509,1.2509715061865696,,,,
32,32,2,nonlinear_gmm,True,,0.24970039998879656,0.001997399958781898,2,80,0.003472666440876669,`ftol` termination condition is satisfied.,0.5011021999299302,-0.2784168578431839,0.19538970182815166,2.502433928848457,0.09769485091407583,1.2512169644242286,,,,
32,32,3,iterative_sur,True,,0.01037119998363778,0.001997399958781898,3,0,7.438666263147094e-05,Iterative SUR converged.,0.5094945652983718,-0.27753780357176044,0.1738260585397733,2.506832304652856,0.08691302926988664,1.253416152326428,,,,
32,32,4,expenditure_ols,True,,0.00234990002354607,0.001997399958781898,1,0,0.0005939476380994708,OLS coefficients only; sigma and epsilon levels are not identified here.,,-0.27891403360916606,,,,,,,-0.4371697046087179,0.12193276568414514
32,32,5,tornqvist_sur,True,,0.004122900019865483,0.001997399958781898,2,0,0.0005943238117041839,"Two-step SUR completed. Tornqvist slopes are approximate coefficients, not epsilon levels.",0.5048448837623284,-0.2780423659837748,,,,,,,-0.4446501157126246,0.12363157020769737
32,32,6,hybrid_gmm,True,,0.021431900036986917,0.001997399958781898,2,14,0.0022897732801586473,Two-step SUR completed. `ftol` termination condition is satisfied.,0.5048448837623284,-0.27804236598377463,0.18145921231221407,2.505631383246709,0.09072960615610703,1.2528156916233546,,,-0.4446501157126246,0.12363157020769737
32,32,7,known_consumption_sur,True,,0.006023099995218217,0.001997399958781898,2,0,0.00024258482361730062,Two-step SUR completed.,0.5002065104209452,-0.2789424978161113,0.2001945157559808,2.5020422373581623,,,-1.7998054842440192,0.5020422373581624,-0.8995310635338388,0.2509174417253121
33,33,1,loglinear_gmm,True,,0.09318120003445074,0.002133800007868558,2,69,0.0008453116788896663,`ftol` termination condition is satisfied.,0.5026324634324781,-0.27906306803395353,0.19176746439763515,2.504610919104011,0.09588373219881757,1.2523054595520056,,,,
33,33,2,nonlinear_gmm,True,,0.3085812999634072,0.002133800007868558,2,93,0.0017782602276919459,`ftol` termination condition is satisfied.,0.5033544453155872,-0.2793038655267533,0.18896474432467122,2.5058291475153514,0.09448237216233561,1.2529145737576757,,,,
33,33,3,iterative_sur,True,,0.01455080002779141,0.002133800007868558,4,0,1.727737701888306e-05,Iterative SUR converged.,0.5098493746623312,-0.2801307177785668,0.15954628750789102,2.5155676195186425,0.07977314375394551,1.2577838097593212,,,,
33,33,4,expenditure_ols,True,,0.002459299983456731,0.002133800007868558,1,0,0.0005948350850940581,OLS coefficients only; sigma and epsilon levels are not identified here.,,-0.2779584227697932,,,,,,,-0.43896674318912077,0.12201450358524087
33,33,5,tornqvist_sur,True,,0.004754099994897842,0.002133800007868558,2,0,0.0006271966856999735,"Two-step SUR completed. Tornqvist slopes are approximate coefficients, not epsilon levels.",0.5074214091906978,-0.28006575992657307,,,,,,,-0.4459144168707487,0.12488536002312092
33,33,6,hybrid_gmm,True,,0.025287500000558794,0.002133800007868558,2,14,0.001852445334422981,Two-step SUR completed. `ftol` termination condition is satisfied.,0.5074214091906978,-0.28006575992657307,0.17261319734346392,2.5117884735657934,0.08630659867173196,1.2558942367828967,,,-0.4459144168707487,0.12488536002312092
33,33,7,known_consumption_sur,True,,0.00731330004055053,0.002133800007868558,2,0,0.00022509196127137288,Two-step SUR completed.,0.502316350500642,-0.28056147773081586,0.193467583100148,2.506843404454045,,,-1.806532416899852,0.5068434044540447,-0.8990816461816138,0.2522476752533681
34,34,1,loglinear_gmm,True,,0.11182369996095076,0.0021627999958582222,2,91,0.0019136239550266864,`ftol` termination condition is satisfied.,0.5018679043335064,-0.27780495023971735,0.19694703176214776,2.500897040120891,0.09847351588107388,1.2504485200604456,,,,
34,34,2,nonlinear_gmm,True,,0.34867159998975694,0.0021627999958582222,2,107,0.003339827575473197,`ftol` termination condition is satisfied.,0.5021258649418957,-0.27791541473410825,0.192041698607852,2.5024594811533727,0.096020849303926,1.2512297405766863,,,,
34,34,3,iterative_sur,True,,0.013248200004454702,0.0021627999958582222,4,0,2.476262207005992e-06,Iterative SUR converged.,0.510834937193652,-0.28050599181668134,0.16467417354645542,2.514819891256122,0.08233708677322771,1.257409945628061,,,,
34,34,4,expenditure_ols,True,,0.0024465000024065375,0.0021627999958582222,1,0,0.0006164913398476406,OLS coefficients only; sigma and epsilon levels are not identified here.,,-0.27837018250838363,,,,,,,-0.43915149195244246,0.12224668096363037
34,34,5,tornqvist_sur,True,,0.004212400002870709,0.0021627999958582222,2,0,0.0005444775492173442,"Two-step SUR completed. Tornqvist slopes are approximate coefficients, not epsilon levels.",0.5075134378140111,-0.2800529230617928,,,,,,,-0.44674469427382396,0.12511215749373136
34,34,6,hybrid_gmm,True,,0.023546800017356873,0.0021627999958582222,2,15,0.0030509658271333584,Two-step SUR completed. `xtol` termination condition is satisfied.,0.5075134378140111,-0.28005292306179275,0.17476789915934843,2.5111615851066413,0.08738394957967421,1.2555807925533207,,,-0.44674469427382396,0.12511215749373136
34,34,7,known_consumption_sur,True,,0.006634899997152388,0.0021627999958582222,2,0,0.00025732432361829066,Two-step SUR completed.,0.5015231342224626,-0.279034501264831,0.19472863372513194,2.503732995336188,,,-1.805271366274868,0.5037329953361879,-0.8998860125386289,0.25109924470391376
35,35,1,loglinear_gmm,True,,0.09322049998445436,0.0021421000128611922,2,73,0.0012132456696429671,`ftol` termination condition is satisfied.,0.500317341046723,-0.2763845862374383,0.19582244169082597,2.4986468679521527,0.09791122084541298,1.2493234339760764,,,,
35,35,2,nonlinear_gmm,True,,0.36324299999978393,0.0021421000128611922,2,113,0.002533796802030688,`ftol` termination condition is satisfied.,0.5004351764936551,-0.2764515300039414,0.19588599755456754,2.4987500762775743,0.09794299877728377,1.2493750381387871,,,,
35,35,3,iterative_sur,True,,0.015497199958190322,0.0021421000128611922,4,0,7.166436092001796e-05,Iterative SUR converged.,0.507152038521758,-0.2768703031612344,0.18343544249858867,2.5029527797473694,0.09171772124929434,1.2514763898736847,,,,
35,35,4,expenditure_ols,True,,0.002448700019158423,0.0021421000128611922,1,0,0.0006597757037493927,OLS coefficients only; sigma and epsilon levels are not identified here.,,-0.2767607066403065,,,,,,,-0.44221674471963734,0.12238821875678287
35,35,5,tornqvist_sur,True,,0.00482549995649606,0.0021421000128611922,2,0,0.0006065128862188291,"Two-step SUR completed. Tornqvist slopes are approximate coefficients, not epsilon levels.",0.5033778930798914,-0.2770581171489541,,,,,,,-0.4484634263759305,0.1242504325218839
35,35,6,hybrid_gmm,True,,0.023903399996925145,0.0021421000128611922,2,14,0.001717263918718142,Two-step SUR completed. `ftol` termination condition is satisfied.,0.5033778930798914,-0.2770581171489542,0.18441664623057075,2.5030221055223416,0.09220832311528537,1.2515110527611708,,,-0.4484634263759305,0.1242504325218839
35,35,7,known_consumption_sur,True,,0.006885299982968718,0.0021421000128611922,2,0,0.0002542441671360791,Two-step SUR completed.,0.49979733445716146,-0.27733813794753165,0.19903911708790578,2.499475137783183,,,-1.8009608829120942,0.4994751377831828,-0.9008454341710135,0.24983879529152458
36,36,1,loglinear_gmm,True,,0.10323980002431199,0.0021585000213235617,2,86,0.0010053907215283205,`ftol` termination condition is satisfied.,0.49818454190410005,-0.2775992559961272,0.2150536918992934,2.4954997671217902,0.1075268459496467,1.2477498835608951,,,,
36,36,2,nonlinear_gmm,True,,0.37896340002771467,0.0021585000213235617,2,121,0.0018916133294787612,`ftol` termination condition is satisfied.,0.4990479946240673,-0.2773847843992662,0.21206374601503575,2.495946312331251,0.10603187300751787,1.2479731561656255,,,,
36,36,3,iterative_sur,True,,0.011668700026348233,0.0021585000213235617,3,0,8.202823039283256e-05,Iterative SUR converged.,0.5060261087876984,-0.27842677664883725,0.19440939177942163,2.502724772994269,0.09720469588971081,1.2513623864971346,,,,
36,36,4,expenditure_ols,True,,0.0022965000243857503,0.0021585000213235617,1,0,0.0006164171199182517,OLS coefficients only; sigma and epsilon levels are not identified here.,,-0.27852766042398475,,,,,,,-0.43709982573192063,0.12174439183284329
36,36,5,tornqvist_sur,True,,0.004858600033912808,0.0021585000213235617,2,0,0.0005583855445129118,"Two-step SUR completed. Tornqvist slopes are approximate coefficients, not epsilon levels.",0.5036388357253845,-0.27826909156102925,,,,,,,-0.4441148315526266,0.12358343072492893
36,36,6,hybrid_gmm,True,,0.024240800004918128,0.0021585000213235617,2,16,0.002359185855697934,Two-step SUR completed. `xtol` termination condition is satisfied.,0.5036388357253845,-0.2782690915610292,0.19440786662423326,2.5024404826842153,0.09720393331211663,1.2512202413421076,,,-0.4441148315526266,0.12358343072492893
36,36,7,known_consumption_sur,True,,0.006154699949547648,0.0021585000213235617,2,0,0.0002309980844839613,Two-step SUR completed.,0.49922403286252515,-0.2784399909060256,0.21088651393236324,2.4981607427905206,,,-1.7891134860676368,0.4981607427905206,-0.89594503630422,0.2494669277608458
37,37,1,loglinear_gmm,True,,0.09992510004667565,0.0018976000137627125,2,84,0.001984058738777136,`ftol` termination condition is satisfied.,0.49903847716739874,-0.27730327605414495,0.20040338758579557,2.4990340361984003,0.10020169379289778,1.2495170180992001,,,,
37,37,2,nonlinear_gmm,True,,0.3251338999834843,0.0018976000137627125,2,104,0.005608148290700766,`ftol` termination condition is satisfied.,0.5000085914102724,-0.2772719142094203,0.1971942632092815,2.499867397587687,0.09859713160464074,1.2499336987938434,,,,
37,37,3,iterative_sur,True,,0.013281700026709586,0.0018976000137627125,4,0,1.3227769744708486e-05,Iterative SUR converged.,0.504940710178744,-0.2781641875500536,0.21532190333785906,2.4964335327964005,0.10766095166892953,1.2482167663982002,,,,
37,37,4,expenditure_ols,True,,0.0025307000032626092,0.0018976000137627125,1,0,0.0006477321216015661,OLS coefficients only; sigma and epsilon levels are not identified here.,,-0.27569763429127697,,,,,,,-0.4418318764618865,0.12181200309501784
37,37,5,tornqvist_sur,True,,0.0037805999745614827,0.0018976000137627125,2,0,0.000573673096723595,"Two-step SUR completed. Tornqvist slopes are approximate coefficients, not epsilon levels.",0.5025103528660864,-0.278515039399437,,,,,,,-0.4485395176035193,0.12492500141754864
37,37,6,hybrid_gmm,True,,0.02417530003003776,0.0018976000137627125,2,14,0.002324800694553312,Two-step SUR completed. `ftol` termination condition is satisfied.,0.5025103528660864,-0.27851503939943695,0.1876334276421352,2.504771347306473,0.0938167138210676,1.2523856736532366,,,-0.4485395176035193,0.12492500141754864
37,37,7,known_consumption_sur,True,,0.005207999958656728,0.0018976000137627125,2,0,0.00024913008995483787,Two-step SUR completed.,0.4995325571256295,-0.2784727765809888,0.19867035085520124,2.5016212689350104,,,-1.8013296491447988,0.5016212689350105,-0.9015068432812844,0.2510451137553016
38,38,1,loglinear_gmm,True,,0.09882779995677993,0.002190799976233393,2,69,0.0016315783733595504,`ftol` termination condition is satisfied.,0.5009806312182841,-0.27800228252738335,0.19597547338087845,2.501522936135498,0.09798773669043923,1.250761468067749,,,,
38,38,2,nonlinear_gmm,True,,0.337232000019867,0.002190799976233393,2,113,0.002537925041023744,`ftol` termination condition is satisfied.,0.502275101007387,-0.27765933205895277,0.18998613407055365,2.502567241031413,0.09499306703527682,1.2512836205157065,,,,
38,38,3,iterative_sur,True,,0.013167899975087494,0.002190799976233393,4,0,3.0436689077892858e-05,Iterative SUR converged.,0.5078746891610234,-0.2781686751056028,0.1689388626765449,2.5093438506066237,0.08446943133827245,1.2546719253033118,,,,
38,38,4,expenditure_ols,True,,0.0024760999949648976,0.002190799976233393,1,0,0.0007113832323108427,OLS coefficients only; sigma and epsilon levels are not identified here.,,-0.2759643983599001,,,,,,,-0.4390517802435575,0.12116266038375643
38,38,5,tornqvist_sur,True,,0.004660200036596507,0.002190799976233393,2,0,0.0005980894758685775,"Two-step SUR completed. Tornqvist slopes are approximate coefficients, not epsilon levels.",0.505982531139711,-0.2781327528607645,,,,,,,-0.4461084741888149,0.12407737800065038
38,38,6,hybrid_gmm,True,,0.02414719999069348,0.002190799976233393,2,15,0.0025725292441596964,Two-step SUR completed. Both `ftol` and `xtol` termination conditions are satisfied.,0.505982531139711,-0.2781327528607644,0.17459814326040335,2.5077040434921347,0.08729907163020167,1.2538520217460674,,,-0.4461084741888149,0.12407737800065038
38,38,7,known_consumption_sur,True,,0.006557799992151558,0.002190799976233393,2,0,0.0002517762080746891,Two-step SUR completed.,0.5016490266425614,-0.27826846812968886,0.19088145740523843,2.5034206455128594,,,-1.8091185425947616,0.5034206455128596,-0.9015759866210902,0.25088016869956364
39,39,1,loglinear_gmm,True,,0.08626349997939542,0.0020557999960146844,2,78,0.0009269812931276156,`ftol` termination condition is satisfied.,0.5030279004554866,-0.278933218236302,0.1869030020323161,2.505732980617704,0.09345150101615805,1.252866490308852,,,,
39,39,2,nonlinear_gmm,True,,0.33390730002429336,0.0020557999960146844,2,108,0.0019590628854806265,`ftol` termination condition is satisfied.,0.5038691045310156,-0.2789956435602253,0.18526275998294878,2.5063037841712643,0.09263137999147439,1.2531518920856322,,,,
39,39,3,iterative_sur,True,,0.01576419995399192,0.0020557999960146844,4,0,2.055861914392792e-05,Iterative SUR converged.,0.5113209153592222,-0.2790630515343968,0.18385995216209183,2.506817583763472,0.09192997608104592,1.253408791881736,,,,
39,39,4,expenditure_ols,True,,0.0023244000039994717,0.0020557999960146844,1,0,0.000648247711059007,OLS coefficients only; sigma and epsilon levels are not identified here.,,-0.28064096417871215,,,,,,,-0.435745630346881,0.12228807383720938
39,39,5,tornqvist_sur,True,,0.004575399972964078,0.0020557999960146844,2,0,0.0006022191267029397,"Two-step SUR completed. Tornqvist slopes are approximate coefficients, not epsilon levels.",0.5071668568110285,-0.27900707380952955,,,,,,,-0.4451312981908488,0.12419478096926587
39,39,6,hybrid_gmm,True,,0.02240620000520721,0.0020557999960146844,2,15,0.0017913103054502362,Two-step SUR completed. `xtol` termination condition is satisfied.,0.5071668568110285,-0.27900707380952955,0.17065423830859516,2.510400407955384,0.08532711915429758,1.255200203977692,,,-0.4451312981908488,0.12419478096926587
39,39,7,known_consumption_sur,True,,0.006199900002684444,0.0020557999960146844,2,0,0.00025965854334032213,Two-step SUR completed.,0.5034217939014118,-0.2794281416901469,0.18794680680274056,2.506338656418807,,,-1.8120531931972594,0.5063386564188069,-0.8998261240331135,0.25143674168282054
40,40,1,loglinear_gmm,True,,0.07842630002414808,0.0018779999809339643,2,66,0.001400648121300867,`ftol` termination condition is satisfied.,0.5003331118148554,-0.2799620935791859,0.20141854799693049,2.5035346287754714,0.10070927399846524,1.2517673143877357,,,,
40,40,2,nonlinear_gmm,True,,0.2686313000158407,0.0018779999809339643,2,88,0.002158900245698917,`ftol` termination condition is satisfied.,0.5008024995930066,-0.2796796685160055,0.19880459414896623,2.503757734040969,0.09940229707448311,1.2518788670204846,,,,
40,40,3,iterative_sur,True,,0.017550299991853535,0.0018779999809339643,5,0,2.8911393321593077e-05,Iterative SUR converged.,0.5043860101826414,-0.27943018880156667,0.1762265489788577,2.5096173597501226,0.08811327448942885,1.2548086798750613,,,,
40,40,4,expenditure_ols,True,,0.0021655999589711428,0.0018779999809339643,1,0,0.0007596291031511829,OLS coefficients only; sigma and epsilon levels are not identified here.,,-0.2772671798528178,,,,,,,-0.4423979352596077,0.12266242788214088
40,40,5,tornqvist_sur,True,,0.004018299980089068,0.0018779999809339643,2,0,0.0006777563504466148,"Two-step SUR completed. Tornqvist slopes are approximate coefficients, not epsilon levels.",0.5042018180183123,-0.2794728596592666,,,,,,,-0.4459398245778443,0.12462807801072184
40,40,6,hybrid_gmm,True,,0.022343200049363077,0.0018779999809339643,2,14,0.0019922186065796507,Two-step SUR completed. `ftol` termination condition is satisfied.,0.5042018180183123,-0.2794728596592667,0.18554978635094943,2.5070895899178676,0.09277489317547472,1.2535447949589338,,,-0.4459398245778443,0.12462807801072184
40,40,7,known_consumption_sur,True,,0.004898600047454238,0.0018779999809339643,2,0,0.0002460488645965558,Two-step SUR completed.,0.5001628910564954,-0.2800242875083677,0.2017202795970121,2.5035619974465932,,,-1.798279720402988,0.5035619974465934,-0.8988469365179633,0.2516989729775217
41,41,1,loglinear_gmm,True,,0.08776000002399087,0.001922900031786412,2,73,0.0010057289825838075,`ftol` termination condition is satisfied.,0.5014730717150253,-0.2781448486975742,0.19679620529525035,2.5015518466490443,0.09839810264762518,1.2507759233245221,,,,
41,41,2,nonlinear_gmm,True,,0.33684820000780746,0.001922900031786412,2,114,0.0016226515342457261,`ftol` termination condition is satisfied.,0.5017594537594827,-0.27826809887147896,0.19488916842287865,2.50230475935528,0.09744458421143933,1.25115237967764,,,,
41,41,3,iterative_sur,True,,0.01426040002843365,0.001922900031786412,4,0,6.259051869420827e-05,Iterative SUR converged.,0.5060282734599612,-0.2786781102653171,0.17584604326918707,2.508351777494744,0.08792302163459353,1.254175888747372,,,,
41,41,4,expenditure_ols,True,,0.002427700033877045,0.001922900031786412,1,0,0.0007331646385431146,OLS coefficients only; sigma and epsilon levels are not identified here.,,-0.2803669703576343,,,,,,,-0.4321458020416279,0.12115940927118118
41,41,5,tornqvist_sur,True,,0.004919199971482158,0.001922900031786412,2,0,0.0006179642931411377,"Two-step SUR completed. Tornqvist slopes are approximate coefficients, not epsilon levels.",0.5047912574923399,-0.27867941332841634,,,,,,,-0.44015718122589853,0.12266274503632282
41,41,6,hybrid_gmm,True,,0.025292799982707947,0.001922900031786412,2,14,0.001451578913137809,Two-step SUR completed. `ftol` termination condition is satisfied.,0.5047912574923399,-0.2786794133284162,0.18404385934107648,2.5060695919089637,0.09202192967053824,1.2530347959544819,,,-0.44015718122589853,0.12266274503632282
41,41,7,known_consumption_sur,True,,0.005161000008229166,0.001922900031786412,2,0,0.0002324657932495523,Two-step SUR completed.,0.5012517472074833,-0.27891761368885476,0.19675827500898047,2.5029558788386694,,,-1.8032417249910195,0.5029558788386692,-0.8993636597018348,0.25084836580251096
42,42,1,loglinear_gmm,True,,0.08524520002538338,0.002030799980275333,2,72,0.0026657598075868036,`ftol` termination condition is satisfied.,0.5022961332375807,-0.2785398302266682,0.1911447619726356,2.5038382309047615,0.0955723809863178,1.2519191154523808,,,,
42,42,2,nonlinear_gmm,True,,0.31059569999342784,0.002030799980275333,2,100,0.005239494259487524,`ftol` termination condition is satisfied.,0.5028044423785071,-0.2780103349486205,0.18728474634471423,2.5039535748351796,0.09364237317235712,1.2519767874175898,,,,
42,42,3,iterative_sur,True,,0.011623500031419098,0.002030799980275333,3,0,4.453354459472168e-05,Iterative SUR converged.,0.5101983490435875,-0.2776177285991781,0.17348326933599822,2.507073426015337,0.08674163466799911,1.2535367130076684,,,,
42,42,4,expenditure_ols,True,,0.0021658000187017024,0.002030799980275333,1,0,0.0007006981986809904,OLS coefficients only; sigma and epsilon levels are not identified here.,,-0.27634174941117046,,,,,,,-0.43644851792278777,0.12060894697069575
42,42,5,tornqvist_sur,True,,0.00522549997549504,0.002030799980275333,2,0,0.0006458666143312462,"Two-step SUR completed. Tornqvist slopes are approximate coefficients, not epsilon levels.",0.5071473919272582,-0.27790068413787195,,,,,,,-0.44388834642050706,0.12335687515108762
42,42,6,hybrid_gmm,True,,0.021669099980499595,0.002030799980275333,2,13,0.0032522653918348153,Two-step SUR completed. `ftol` termination condition is satisfied.,0.5071473919272582,-0.27790068413787195,0.17062610087677244,2.5083842581103113,0.08531305043838622,1.2541921290551556,,,-0.44388834642050706,0.12335687515108762
42,42,7,known_consumption_sur,True,,0.006472300039604306,0.002030799980275333,2,0,0.00024538596417680343,Two-step SUR completed.,0.5013501312080233,-0.2771761719934838,0.19223164575778262,2.501070312279818,,,-1.8077683542422174,0.501070312279818,-0.9014434526491693,0.24985864547388603
43,43,1,loglinear_gmm,True,,0.0848392000189051,0.002053899981547147,2,73,0.0022627368049857573,`ftol` termination condition is satisfied.,0.5011864820929777,-0.2763636740250105,0.19651141413761355,2.4984187316510997,0.09825570706880678,1.2492093658255499,,,,
43,43,2,nonlinear_gmm,True,,0.32211199996527284,0.002053899981547147,2,110,0.004947659245282471,`ftol` termination condition is satisfied.,0.5013648237701701,-0.27597013876556203,0.19299702986304657,2.4986788604184778,0.09649851493152328,1.2493394302092389,,,,
43,43,3,iterative_sur,True,,0.01277729996945709,0.002053899981547147,3,0,3.0005398029906118e-05,Iterative SUR converged.,0.5096899513244486,-0.2753238100182329,0.16640195082336673,2.50483320094131,0.08320097541168336,1.252416600470655,,,,
43,43,4,expenditure_ols,True,,0.003815000003669411,0.002053899981547147,1,0,0.0006863779207282891,OLS coefficients only; sigma and epsilon levels are not identified here.,,-0.2774794260078443,,,,,,,-0.4492600871899274,0.12466043112169513
43,43,5,tornqvist_sur,True,,0.005022199999075383,0.002053899981547147,2,0,0.0005644416557187873,"Two-step SUR completed. Tornqvist slopes are approximate coefficients, not epsilon levels.",0.5047928263147627,-0.2757738842853381,,,,,,,-0.45097598329097044,0.12436739863155066
43,43,6,hybrid_gmm,True,,0.02294990001246333,0.002053899981547147,2,17,0.002680766529093629,Two-step SUR completed. `xtol` termination condition is satisfied.,0.5047928263147627,-0.2757738842853382,0.1817261763263509,2.5014324350488364,0.09086308816317545,1.2507162175244182,,,-0.45097598329097044,0.12436739863155066
43,43,7,known_consumption_sur,True,,0.00604050001129508,0.002053899981547147,2,0,0.00022943780547001177,Two-step SUR completed.,0.5003026307329392,-0.27557594084110315,0.19568290875658834,2.4972263799950856,,,-1.8043170912434117,0.49722637999508573,-0.901612503817928,0.24846271401372824
44,44,1,loglinear_gmm,True,,0.09253470000112429,0.0019039000035263598,2,77,0.002303408643463352,`ftol` termination condition is satisfied.,0.49870239259987736,-0.280301000320331,0.20575120200043853,2.5029297329028286,0.10287560100021927,1.2514648664514143,,,,
44,44,2,nonlinear_gmm,True,,0.2720714999595657,0.0019039000035263598,2,82,0.004311218114993623,`ftol` termination condition is satisfied.,0.4995962037326985,-0.2806451295801094,0.2039047086727383,2.5040653957727637,0.10195235433636915,1.2520326978863818,,,,
44,44,3,iterative_sur,True,,0.014714699995238334,0.0019039000035263598,4,0,2.4951366854388734e-05,Iterative SUR converged.,0.5057242846231702,-0.28188679150552914,0.18164835051714778,2.512569312301508,0.09082417525857389,1.256284656150754,,,,
44,44,4,expenditure_ols,True,,0.002280699962284416,0.0019039000035263598,1,0,0.0007474203899528471,OLS coefficients only; sigma and epsilon levels are not identified here.,,-0.2810590942624543,,,,,,,-0.4354235885847371,0.12237975942813376
44,44,5,tornqvist_sur,True,,0.004345400026068091,0.0019039000035263598,2,0,0.00064701115420457,"Two-step SUR completed. Tornqvist slopes are approximate coefficients, not epsilon levels.",0.5019611104796061,-0.2816423581661108,,,,,,,-0.4427703482877111,0.12470288501778115
44,44,6,hybrid_gmm,True,,0.02232169994385913,0.0019039000035263598,2,16,0.0028500892024082842,Two-step SUR completed. `xtol` termination condition is satisfied.,0.5019611104796061,-0.28164235816611066,0.19352074442876654,2.5087810775172423,0.09676037221438327,1.2543905387586212,,,-0.4427703482877111,0.12470288501778115
44,44,7,known_consumption_sur,True,,0.006050399970263243,0.0019039000035263598,2,0,0.00027690269505759745,Two-step SUR completed.,0.4994466241192056,-0.2813834050910966,0.20706959101568412,2.504500863571379,,,-1.7929304089843159,0.5045008635713792,-0.8974573689364327,0.25252961039543
45,45,1,loglinear_gmm,True,,0.08722290000878274,0.0019721999997273088,2,78,0.0012827891647498586,`xtol` termination condition is satisfied.,0.5011346593775822,-0.2749732340819514,0.1955104036184469,2.4961863401842708,0.09775520180922345,1.2480931700921354,,,,
45,45,2,nonlinear_gmm,True,,0.3460775000276044,0.0019721999997273088,2,117,0.0020130628689045017,`ftol` termination condition is satisfied.,0.5026299792765289,-0.2746894002104457,0.18888938937091745,2.4974928873484767,0.09444469468545873,1.2487464436742384,,,,
45,45,3,iterative_sur,True,,0.018821500008925796,0.0019721999997273088,5,0,2.680080340646953e-05,Iterative SUR converged.,0.5106612266281418,-0.27549716178316236,0.16251879577122952,2.5062208565949335,0.08125939788561476,1.2531104282974668,,,,
45,45,4,expenditure_ols,True,,0.0028099999763071537,0.0019721999997273088,1,0,0.0006580174156014481,OLS coefficients only; sigma and epsilon levels are not identified here.,,-0.2741569155977919,,,,,,,-0.4430151615791424,0.12145567026159508
45,45,5,tornqvist_sur,True,,0.005166599992662668,0.0019721999997273088,2,0,0.0005835777405025735,"Two-step SUR completed. Tornqvist slopes are approximate coefficients, not epsilon levels.",0.5072511123363372,-0.27551228818131357,,,,,,,-0.44807655502019095,0.12345059695401304
45,45,6,hybrid_gmm,True,,0.023360999999567866,0.0019721999997273088,2,17,0.0024500150599983325,Two-step SUR completed. `xtol` termination condition is satisfied.,0.5072511123363372,-0.27551228818131357,0.17024004939868087,2.5041213508126967,0.08512002469934044,1.2520606754063484,,,-0.44807655502019095,0.12345059695401304
45,45,7,known_consumption_sur,True,,0.005805999971926212,0.0019721999997273088,2,0,0.00024833237192931084,Two-step SUR completed.,0.501969745726679,-0.2757163932166312,0.19151339549693325,2.498629403774178,,,-1.8084866045030668,0.4986294037741778,-0.9006810434905574,0.24833252874980827
46,46,1,loglinear_gmm,True,,0.08292670000810176,0.002575899998191744,2,63,0.0014701791819082652,`ftol` termination condition is satisfied.,0.5020856611399904,-0.28145324646291175,0.19098622924625072,2.5091527986747564,0.09549311462312536,1.2545763993373782,,,,
46,46,2,nonlinear_gmm,True,,0.31304999999701977,0.002575899998191744,2,86,0.002208384094450578,`ftol` termination condition is satisfied.,0.5019600046808987,-0.28190610892143164,0.1924015743903296,2.509573038656128,0.0962007871951648,1.254786519328064,,,,
46,46,3,iterative_sur,True,,0.014175699965562671,0.002575899998191744,4,0,1.5125987426105586e-05,Iterative SUR converged.,0.5098223431837549,-0.2821784927177158,0.1547354607835203,2.5206939663415566,0.07736773039176015,1.2603469831707783,,,,
46,46,4,expenditure_ols,True,,0.0022817000281065702,0.002575899998191744,1,0,0.0007587515009352552,OLS coefficients only; sigma and epsilon levels are not identified here.,,-0.2785337689319622,,,,,,,-0.4417365042996801,0.12303853341741983
46,46,5,tornqvist_sur,True,,0.004269499971996993,0.002575899998191744,2,0,0.0006703411842763082,"Two-step SUR completed. Tornqvist slopes are approximate coefficients, not epsilon levels.",0.5057078173954009,-0.28224011558221396,,,,,,,-0.44527958080248664,0.1256757603520936
46,46,6,hybrid_gmm,True,,0.02343289996497333,0.002575899998191744,2,17,0.0019418348077808408,Two-step SUR completed. `xtol` termination condition is satisfied.,0.5057078173954009,-0.2822401155822139,0.1768248751757231,2.514573157957021,0.08841243758786155,1.2572865789785106,,,-0.44527958080248664,0.1256757603520936
46,46,7,known_consumption_sur,True,,0.005661799979861826,0.002575899998191744,2,0,0.00023775216688011675,Two-step SUR completed.,0.5009853610175896,-0.2821455511881374,0.20212929683124936,2.5072612205105513,,,-1.7978707031687506,0.5072612205105513,-0.8971637998788065,0.2531307748228497
47,47,1,loglinear_gmm,True,,0.09138350002467632,0.001794499985408038,2,77,0.0016986208466331684,`ftol` termination condition is satisfied.,0.49893515909877567,-0.27169612891174605,0.20258716649563197,2.4883501089194295,0.10129358324781598,1.2441750544597148,,,,
47,47,2,nonlinear_gmm,True,,0.3398701000260189,0.001794499985408038,2,116,0.004679238083580397,`ftol` termination condition is satisfied.,0.4998360232984505,-0.27173249362382573,0.19707533295987598,2.4899132155907187,0.09853766647993799,1.2449566077953593,,,,
47,47,3,iterative_sur,True,,0.014063900045584887,0.001794499985408038,4,0,2.5383279243955095e-05,Iterative SUR converged.,0.5058844140835994,-0.27275437114445056,0.15910520012140594,2.502112103483975,0.07955260006070297,1.2510560517419875,,,,
47,47,4,expenditure_ols,True,,0.0023159999982453883,0.001794499985408038,1,0,0.000642942413659155,OLS coefficients only; sigma and epsilon levels are not identified here.,,-0.27408350245445,,,,,,,-0.44437957291243657,0.12179710976305326
47,47,5,tornqvist_sur,True,,0.004824700008612126,0.001794499985408038,2,0,0.0005894054091777034,"Two-step SUR completed. Tornqvist slopes are approximate coefficients, not epsilon levels.",0.503297192921536,-0.2726921516789671,,,,,,,-0.45018793650592576,0.12276271706571512
47,47,6,hybrid_gmm,True,,0.022476299956906587,0.001794499985408038,2,16,0.0024076451317909964,Two-step SUR completed. `xtol` termination condition is satisfied.,0.503297192921536,-0.27269215167896715,0.18550585231122252,2.4947983133421463,0.09275292615561126,1.2473991566710732,,,-0.45018793650592576,0.12276271706571512
47,47,7,known_consumption_sur,True,,0.004790899984072894,0.001794499985408038,2,0,0.00023211121917187486,Two-step SUR completed.,0.5005262180612086,-0.2724356561839814,0.19057399369473793,2.4929521613441348,,,-1.809426006305262,0.49295216134413494,-0.9037608505076927,0.24621668034145638
48,48,1,loglinear_gmm,True,,0.08331499999621883,0.0017870999872684479,2,68,0.00195554750171039,`ftol` termination condition is satisfied.,0.5003918972864915,-0.2745543157246763,0.200687270410243,2.4940090752472153,0.1003436352051215,1.2470045376236076,,,,
48,48,2,nonlinear_gmm,True,,0.2885779999778606,0.0017870999872684479,2,93,0.003392101655853169,`ftol` termination condition is satisfied.,0.5006968424881113,-0.2747658075388586,0.20022027936369002,2.494517928332697,0.10011013968184501,1.2472589641663485,,,,
48,48,3,iterative_sur,True,,0.010558400012087077,0.0017870999872684479,3,0,6.431143152429892e-05,Iterative SUR converged.,0.5095459309834904,-0.27493072147112846,0.18228547588178934,2.4997455655443686,0.09114273794089467,1.2498727827721843,,,,
48,48,4,expenditure_ols,True,,0.002351099974475801,0.0017870999872684479,1,0,0.0006479655688642706,OLS coefficients only; sigma and epsilon levels are not identified here.,,-0.27464093201990475,,,,,,,-0.4390600806030402,0.12058386974955347
48,48,5,tornqvist_sur,True,,0.005023600009735674,0.0017870999872684479,2,0,0.0005924571973843436,"Two-step SUR completed. Tornqvist slopes are approximate coefficients, not epsilon levels.",0.5055164347789182,-0.2750798999291471,,,,,,,-0.4443576384875587,0.12223385472790978
48,48,6,hybrid_gmm,True,,0.024248700006864965,0.0017870999872684479,2,14,0.002813044942723309,Two-step SUR completed. `ftol` termination condition is satisfied.,0.5055164347789182,-0.2750798999291472,0.17966268567317423,2.500738206262316,0.08983134283658711,1.250369103131158,,,-0.4443576384875587,0.12223385472790978
48,48,7,known_consumption_sur,True,,0.005118199973367155,0.0017870999872684479,2,0,0.00024955189194960113,Two-step SUR completed.,0.5006482987844938,-0.27541786261612566,0.19842647627895404,2.4961855292490522,,,-1.801573523721046,0.4961855292490524,-0.8996188039349184,0.24777108814903062
49,49,1,loglinear_gmm,True,,0.09849000000394881,0.0018665000097826123,2,83,0.002818927747379388,`ftol` termination condition is satisfied.,0.5012701772419732,-0.2753017077006492,0.19926181537800708,2.4957462973482016,0.09963090768900354,1.2478731486741008,,,,
49,49,2,nonlinear_gmm,True,,0.280212500016205,0.0018665000097826123,2,90,0.005693715696487969,`ftol` termination condition is satisfied.,0.501974845340278,-0.27494097175114507,0.19652985423891664,2.4958478343997315,0.09826492711945832,1.2479239171998657,,,,
49,49,3,iterative_sur,True,,0.009744299983140081,0.0018665000097826123,3,0,8.279788337669224e-05,Iterative SUR converged.,0.5108578966354257,-0.27507136621292716,0.17444356268512817,2.5021583033110057,0.08722178134256409,1.2510791516555029,,,,
49,49,4,expenditure_ols,True,,0.002344300039112568,0.0018665000097826123,1,0,0.0006660393490074489,OLS coefficients only; sigma and epsilon levels are not identified here.,,-0.2792443342063803,,,,,,,-0.4402388326580012,0.1229341997173776
49,49,5,tornqvist_sur,True,,0.004531700047664344,0.0018665000097826123,2,0,0.0005812106939145177,"Two-step SUR completed. Tornqvist slopes are approximate coefficients, not epsilon levels.",0.507529302355129,-0.27539269876796185,,,,,,,-0.4467523844382373,0.12303234483146817
49,49,6,hybrid_gmm,True,,0.024279600009322166,0.0018665000097826123,2,15,0.004111474598861488,Two-step SUR completed. `ftol` termination condition is satisfied.,0.507529302355129,-0.2753926987679619,0.1721337727920378,2.5033810132976133,0.0860668863960189,1.2516905066488067,,,-0.4467523844382373,0.12303234483146817
49,49,7,known_consumption_sur,True,,0.006209600018337369,0.0018665000097826123,2,0,0.0002599944103354792,Two-step SUR completed.,0.5012366620569121,-0.275633828156901,0.19671882266137009,2.4970452941531303,,,-1.80328117733863,0.4970452941531301,-0.8994105392593565,0.24790797002071915
50,50,1,loglinear_gmm,True,,0.08516759995836765,0.0019199000089429319,2,73,0.0024089291108417656,`ftol` termination condition is satisfied.,0.4987167908804214,-0.2754611769630002,0.20778633091021328,2.4936852866566497,0.10389316545510664,1.2468426433283248,,,,
50,50,2,nonlinear_gmm,True,,0.3343792000086978,0.0019199000089429319,2,114,0.005996153422029027,`ftol` termination condition is satisfied.,0.4988477374148145,-0.27580668488892235,0.2043385844912942,2.495255422194406,0.1021692922456471,1.247627711097203,,,,
50,50,3,iterative_sur,True,,0.013870200025849044,0.0019199000089429319,4,0,2.7822880288615448e-05,Iterative SUR converged.,0.5051786231530315,-0.27797050149157193,0.2042159477869181,2.4991749935642376,0.10210797389345905,1.2495874967821188,,,,
50,50,4,expenditure_ols,True,,0.0023646000190638006,0.0019199000089429319,1,0,0.0007242039008063564,OLS coefficients only; sigma and epsilon levels are not identified here.,,-0.2787949958612857,,,,,,,-0.4333361959407336,0.1208119629538421
50,50,5,tornqvist_sur,True,,0.004112499998882413,0.0019199000089429319,2,0,0.0006211578778329201,"Two-step SUR completed. Tornqvist slopes are approximate coefficients, not epsilon levels.",0.501161438116126,-0.27768176849344234,,,,,,,-0.44382059951091857,0.12324088896601168
50,50,6,hybrid_gmm,True,,0.02330429997527972,0.0019199000089429319,2,13,0.002651833316008251,Two-step SUR completed. `ftol` termination condition is satisfied.,0.501161438116126,-0.2776817684934423,0.19847529765220973,2.5002505653325566,0.09923764882610486,1.2501252826662783,,,-0.44382059951091857,0.12324088896601168
50,50,7,known_consumption_sur,True,,0.006689700006972998,0.0019199000089429319,2,0,0.00024266378031031363,Two-step SUR completed.,0.49857817991537956,-0.2772755151396117,0.2058958791527259,2.497461144322028,,,-1.794104120847274,0.49746114432202804,-0.899602953696558,0.24943787240732934
51,51,1,loglinear_gmm,True,,0.08152170001994818,0.001960500027053058,2,69,0.0021114751483518397,`xtol` termination condition is satisfied.,0.501055493897143,-0.27553993280956224,0.1948327373556109,2.4973956662590564,0.09741636867780545,1.2486978331295282,,,,
51,51,2,nonlinear_gmm,True,,0.26790420000907034,0.001960500027053058,2,85,0.0049726358118756895,`ftol` termination condition is satisfied.,0.5027868115141124,-0.27509488537732835,0.18838405256964585,2.4983662814060934,0.09419202628482293,1.2491831407030467,,,,
51,51,3,iterative_sur,True,,0.016532099980395287,0.001960500027053058,5,0,5.1131760692857875e-05,Iterative SUR converged.,0.5049179553080292,-0.27658985540849723,0.15707500296421562,2.5097343584588327,0.07853750148210781,1.2548671792294164,,,,
51,51,4,expenditure_ols,True,,0.0023428999702446163,0.001960500027053058,1,0,0.0007322899564434888,OLS coefficients only; sigma and epsilon levels are not identified here.,,-0.2767066818717904,,,,,,,-0.4438629964793167,0.12281985696146193
51,51,5,tornqvist_sur,True,,0.004417899996042252,0.001960500027053058,2,0,0.0006222079599378011,"Two-step SUR completed. Tornqvist slopes are approximate coefficients, not epsilon levels.",0.5043799135657875,-0.2766142711829702,,,,,,,-0.44810748410829054,0.1239529251282492
51,51,6,hybrid_gmm,True,,0.0234063999960199,0.001960500027053058,2,14,0.002545741146404196,Two-step SUR completed. `ftol` termination condition is satisfied.,0.5043799135657875,-0.2766142711829701,0.18148759712422846,2.5030264829586732,0.09074379856211423,1.2515132414793366,,,-0.44810748410829054,0.1239529251282492
51,51,7,known_consumption_sur,True,,0.005321100004948676,0.001960500027053058,2,0,0.00022894529332523537,Two-step SUR completed.,0.5013816571456873,-0.27653740418858563,0.19310400646467496,2.499674327691014,,,-1.806895993535325,0.4996743276910142,-0.9009514860066807,0.24914678524013634
52,52,1,loglinear_gmm,True,,0.0893122999696061,0.002332800009753555,2,72,0.0021567258037150476,`ftol` termination condition is satisfied.,0.4995789461947157,-0.2766367590663709,0.20153640366793937,2.4975211405881512,0.10076820183396969,1.2487605702940756,,,,
52,52,2,nonlinear_gmm,True,,0.2561276000342332,0.002332800009753555,2,81,0.005066588559256633,`ftol` termination condition is satisfied.,0.4993916680553157,-0.27663131486247416,0.20147571223326685,2.4975281385370063,0.10073785611663343,1.2487640692685031,,,,
52,52,3,iterative_sur,True,,0.015965999977197498,0.002332800009753555,4,0,8.645005743173594e-05,Iterative SUR converged.,0.5074267902840617,-0.2760258114762704,0.18521601519974817,2.500927222058629,0.09260800759987409,1.2504636110293146,,,,
52,52,4,expenditure_ols,True,,0.0033300999784842134,0.002332800009753555,1,0,0.0006257623369242185,OLS coefficients only; sigma and epsilon levels are not identified here.,,-0.2769530320224313,,,,,,,-0.43838185031347654,0.12141118262792096
52,52,5,tornqvist_sur,True,,0.004309200041461736,0.002332800009753555,2,0,0.0006251278472167008,"Two-step SUR completed. Tornqvist slopes are approximate coefficients, not epsilon levels.",0.5031040485176692,-0.2764041766403088,,,,,,,-0.4467569670295925,0.12348549163013611
52,52,6,hybrid_gmm,True,,0.022224800020921975,0.002332800009753555,2,15,0.0025795190846023205,Two-step SUR completed. `xtol` termination condition is satisfied.,0.5031040485176692,-0.27640417664030875,0.18784997502823786,2.500885835601035,0.09392498751411893,1.2504429178005174,,,-0.4467569670295925,0.12348549163013611
52,52,7,known_consumption_sur,True,,0.005752399971242994,0.002332800009753555,2,0,0.00022938984744879152,Two-step SUR completed.,0.4991568215240175,-0.2769252108561374,0.20100374208382243,2.4981874180528396,,,-1.7989962579161776,0.49818741805283967,-0.9010150038811368,0.24951376993432728
53,53,1,loglinear_gmm,True,,0.08653500000946224,0.0020602000295184553,2,71,0.0028726230855118376,`ftol` termination condition is satisfied.,0.5015571105948715,-0.27097950564663237,0.19264714362005508,2.4897555835508665,0.09632357181002754,1.2448777917754332,,,,
53,53,2,nonlinear_gmm,True,,0.3637658000225201,0.0020602000295184553,2,117,0.007534513891270458,`ftol` termination condition is satisfied.,0.5030607023437452,-0.27104062957295555,0.1848107353432792,2.491990041086628,0.0924053676716396,1.245995020543314,,,,
53,53,3,iterative_sur,True,,0.01766070001758635,0.0020602000295184553,5,0,1.1002012694733738e-05,Iterative SUR converged.,0.5087354075998535,-0.27372235995149613,0.18558830277830207,2.4966450516871226,0.09279415138915104,1.2483225258435613,,,,
53,53,4,expenditure_ols,True,,0.002411099965684116,0.0020602000295184553,1,0,0.0007938054581010013,OLS coefficients only; sigma and epsilon levels are not identified here.,,-0.27322200391077495,,,,,,,-0.4393866284954019,0.12005009512911291
53,53,5,tornqvist_sur,True,,0.004726600018329918,0.0020602000295184553,2,0,0.0007265384972811759,"Two-step SUR completed. Tornqvist slopes are approximate coefficients, not epsilon levels.",0.5039861521581267,-0.27372995728448063,,,,,,,-0.44511746028972526,0.121841983391683
53,53,6,hybrid_gmm,True,,0.023421499994583428,0.0020602000295184553,2,14,0.0030206467729203823,Two-step SUR completed. `ftol` termination condition is satisfied.,0.5039861521581267,-0.27372995728448063,0.18310698592732688,2.497338047132584,0.09155349296366344,1.248669023566292,,,-0.44511746028972526,0.121841983391683
53,53,7,known_consumption_sur,True,,0.006179099960718304,0.0020602000295184553,2,0,0.00028185468714602167,Two-step SUR completed.,0.5011439910594049,-0.2736507929203898,0.18826346393076832,2.4957831396581858,,,-1.8117365360692317,0.49578313965818566,-0.9037956576353555,0.24732439834992018
54,54,1,loglinear_gmm,True,,0.10792590002529323,0.0020275000133551657,2,90,0.0013542026080401678,`ftol` termination condition is satisfied.,0.4988411894097044,-0.27541358413704853,0.20481204423074678,2.4944191490980714,0.10240602211537339,1.2472095745490357,,,,
54,54,2,nonlinear_gmm,True,,0.3608481999835931,0.0020275000133551657,2,125,0.0023606647482414295,`ftol` termination condition is satisfied.,0.49878704748996894,-0.2753404102883421,0.2042195011779655,2.4944509393334626,0.10210975058898275,1.2472254696667313,,,,
54,54,3,iterative_sur,True,,0.014600099995732307,0.0020275000133551657,4,0,7.86875584126276e-05,Iterative SUR converged.,0.5056098760694521,-0.2763829406622729,0.20702799590192678,2.4955468750177543,0.10351399795096339,1.2477734375088771,,,,
54,54,4,expenditure_ols,True,,0.0024476000107824802,0.0020275000133551657,1,0,0.0006235791635255852,OLS coefficients only; sigma and epsilon levels are not identified here.,,-0.2773508753760556,,,,,,,-0.43930644785698,0.12184202787147891
54,54,5,tornqvist_sur,True,,0.0045553999952971935,0.0020275000133551657,2,0,0.0005570561254601908,"Two-step SUR completed. Tornqvist slopes are approximate coefficients, not epsilon levels.",0.5024349824594154,-0.27620111739986464,,,,,,,-0.4453577985561777,0.1230083216039601
54,54,6,hybrid_gmm,True,,0.022706100018694997,0.0020275000133551657,2,14,0.001922625119764181,Two-step SUR completed. `ftol` termination condition is satisfied.,0.5024349824594154,-0.2762011173998645,0.1904898179343455,2.499788734232966,0.09524490896717275,1.249894367116483,,,-0.4453577985561777,0.1230083216039601
54,54,7,known_consumption_sur,True,,0.006596999999601394,0.0020275000133551657,2,0,0.00024873841173612423,Two-step SUR completed.,0.49878344871099267,-0.2760298550955238,0.2016820030212203,2.496389456121725,,,-1.7983179969787797,0.49638945612172514,-0.9013467445666594,0.2487986112935571
55,55,1,loglinear_gmm,True,,0.07364929997129366,0.0020622999873012304,2,62,0.0033621554852646214,`ftol` termination condition is satisfied.,0.5015979597535707,-0.2773703863842478,0.19389477174696948,2.500960105011153,0.09694738587348474,1.2504800525055766,,,,
55,55,2,nonlinear_gmm,True,,0.27012609998928383,0.0020622999873012304,2,84,0.007976256461155604,`ftol` termination condition is satisfied.,0.5025928713461044,-0.2782950060849461,0.19028527722483524,2.503634569786731,0.09514263861241762,1.2518172848933655,,,,
55,55,3,iterative_sur,True,,0.016138400009367615,0.0020622999873012304,4,0,9.658693310783373e-05,Iterative SUR converged.,0.508281644695109,-0.2784820478236871,0.19176063377458297,2.50356220166186,0.09588031688729148,1.25178110083093,,,,
55,55,4,expenditure_ols,True,,0.0029461999656632543,0.0020622999873012304,1,0,0.0007158835252116331,OLS coefficients only; sigma and epsilon levels are not identified here.,,-0.27903944069229697,,,,,,,-0.4470562336107636,0.12474632138475232
55,55,5,tornqvist_sur,True,,0.004060499952174723,0.0020622999873012304,2,0,0.0006292947376200664,"Two-step SUR completed. Tornqvist slopes are approximate coefficients, not epsilon levels.",0.5041706248088162,-0.27889632595218306,,,,,,,-0.4510183314886138,0.1257873555892582
55,55,6,hybrid_gmm,True,,0.022978699998930097,0.0020622999873012304,2,15,0.0036245838046684857,Two-step SUR completed. `xtol` termination condition is satisfied.,0.5041706248088162,-0.27889632595218317,0.18374048466333592,2.5065481058030885,0.09187024233166796,1.2532740529015443,,,-0.4510183314886138,0.1257873555892582
55,55,7,known_consumption_sur,True,,0.005853599985130131,0.0020622999873012304,2,0,0.00023900216715508894,Two-step SUR completed.,0.5017809386822722,-0.2788487077776619,0.19281386187371075,2.503931519330219,,,-1.8071861381262893,0.503931519330219,-0.9003745813636892,0.25106828852911806
56,56,1,loglinear_gmm,True,,0.07071389997145161,0.0019966000108979642,2,60,0.002142110050790998,`ftol` termination condition is satisfied.,0.49938855461141496,-0.2747730775545296,0.20472510227168045,2.4932932087052038,0.10236255113584022,1.2466466043526019,,,,
56,56,2,nonlinear_gmm,True,,0.26641729997936636,0.0019966000108979642,2,89,0.004837175329569164,`ftol` termination condition is satisfied.,0.49956774795453035,-0.27473295404703735,0.2017562931005856,2.494036805692971,0.1008781465502928,1.2470184028464855,,,,
56,56,3,iterative_sur,True,,0.011579499987419695,0.0019966000108979642,3,0,1.0391947585928251e-05,Iterative SUR converged.,0.5089609384786775,-0.2778033855649132,0.1706829196301285,2.5081904781984727,0.08534145981506425,1.2540952390992364,,,,
56,56,4,expenditure_ols,True,,0.0023512999759986997,0.0019966000108979642,1,0,0.0006959696839452891,OLS coefficients only; sigma and epsilon levels are not identified here.,,-0.27780438689614345,,,,,,,-0.4392883727248338,0.122036237055427
56,56,5,tornqvist_sur,True,,0.004223799973260611,0.0019966000108979642,2,0,0.0006433673437873801,"Two-step SUR completed. Tornqvist slopes are approximate coefficients, not epsilon levels.",0.5030578818131821,-0.2772904137455314,,,,,,,-0.4447220131311255,0.12331715102287547
56,56,6,hybrid_gmm,True,,0.022742000001017004,0.0019966000108979642,2,14,0.0027276401348281017,Two-step SUR completed. `ftol` termination condition is satisfied.,0.5030578818131821,-0.27729041374553137,0.19067829441392914,2.501707564340732,0.09533914720696457,1.250853782170366,,,-0.4447220131311255,0.12331715102287547
56,56,7,known_consumption_sur,True,,0.005785399989690632,0.0019966000108979642,2,0,0.0002585480843962234,Two-step SUR completed.,0.4988603343916653,-0.2768532453807102,0.20224962042513206,2.4977130269697057,,,-1.797750379574868,0.4977130269697058,-0.900924024067406,0.24942373990451042
57,57,1,loglinear_gmm,True,,0.0823136999970302,0.001791600021533668,2,76,0.0016468977082681145,`ftol` termination condition is satisfied.,0.5004753512969901,-0.2757878198119142,0.19869626437309254,2.4967776300676015,0.09934813218654627,1.2483888150338007,,,,
57,57,2,nonlinear_gmm,True,,0.30540360003942624,0.001791600021533668,2,94,0.004740860535607561,`ftol` termination condition is satisfied.,0.5013131466293869,-0.2756765112761681,0.19273936834844285,2.498219305900465,0.09636968417422143,1.2491096529502326,,,,
57,57,3,iterative_sur,True,,0.014535499969497323,0.001791600021533668,4,0,2.6022441246047146e-05,Iterative SUR converged.,0.5070976989814662,-0.2769216238937559,0.1747411439894453,2.505453646432902,0.08737057199472265,1.252726823216451,,,,
57,57,4,expenditure_ols,True,,0.002334499964490533,0.001791600021533668,1,0,0.0005811908418701115,OLS coefficients only; sigma and epsilon levels are not identified here.,,-0.2785926046506961,,,,,,,-0.43951883783063805,0.12244669782428434
57,57,5,tornqvist_sur,True,,0.004411000001709908,0.001791600021533668,2,0,0.0005405011388149876,"Two-step SUR completed. Tornqvist slopes are approximate coefficients, not epsilon levels.",0.5032266810513433,-0.2772046803211532,,,,,,,-0.44706080486838246,0.12392734749765741
57,57,6,hybrid_gmm,True,,0.02157199999783188,0.001791600021533668,2,16,0.001934684841831757,Two-step SUR completed. `xtol` termination condition is satisfied.,0.5032266810513433,-0.2772046803211532,0.1889266415453268,2.502038011368585,0.0944633207726634,1.2510190056842925,,,-0.44706080486838246,0.12392734749765741
57,57,7,known_consumption_sur,True,,0.005564099992625415,0.001791600021533668,2,0,0.00022603338169383978,Two-step SUR completed.,0.501187809474122,-0.2773023731842967,0.19191489412079754,2.5013862907794833,,,-1.8080851058792025,0.5013862907794832,-0.901894892320819,0.2500975940033588
58,58,1,loglinear_gmm,True,,0.07833899999968708,0.0020370999700389802,2,65,0.0011341507687181451,`ftol` termination condition is satisfied.,0.5032840812982065,-0.27438421172055133,0.1863501005214704,2.4976368980054735,0.0931750502607352,1.2488184490027368,,,,
58,58,2,nonlinear_gmm,True,,0.3439972999622114,0.0020370999700389802,2,119,0.002344095520192673,`ftol` termination condition is satisfied.,0.5031511689244631,-0.27499511337437843,0.18689773726267137,2.4985942623007937,0.09344886863133568,1.2492971311503969,,,,
58,58,3,iterative_sur,True,,0.008045600028708577,0.0020370999700389802,2,0,7.876800080689154e-05,Iterative SUR converged.,0.5067984820260436,-0.2765237186094583,0.1891371650833793,2.5007465250028096,0.09456858254168965,1.2503732625014048,,,,
58,58,4,expenditure_ols,True,,0.0022698999964632094,0.0020370999700389802,1,0,0.000654438894565945,OLS coefficients only; sigma and epsilon levels are not identified here.,,-0.2757315722658735,,,,,,,-0.4391862043460394,0.12109750264181467
58,58,5,tornqvist_sur,True,,0.004458499955944717,0.0020370999700389802,2,0,0.0006158135927455789,"Two-step SUR completed. Tornqvist slopes are approximate coefficients, not epsilon levels.",0.5068242600478462,-0.2764445847026789,,,,,,,-0.4464391630622476,0.1234156890277546
58,58,6,hybrid_gmm,True,,0.02299430000130087,0.0020370999700389802,2,15,0.0017088923082195524,Two-step SUR completed. `ftol` termination condition is satisfied.,0.5068242600478462,-0.2764445847026788,0.17190068314871976,2.505368156442203,0.08595034157435988,1.2526840782211015,,,-0.4464391630622476,0.1234156890277546
58,58,7,known_consumption_sur,True,,0.00602720002643764,0.0020370999700389802,2,0,0.0002515908997819207,Two-step SUR completed.,0.5022690934442917,-0.2766211907878376,0.1899001299404539,2.500711981500782,,,-1.810099870059546,0.5007119815007818,-0.9009426492811076,0.2492198284756891
59,59,1,loglinear_gmm,True,,0.08607379999011755,0.0019032999989576638,2,74,0.0021085523724455684,`ftol` termination condition is satisfied.,0.4996390619168488,-0.281139471000958,0.21074761494578123,2.5030294690213455,0.10537380747289062,1.2515147345106727,,,,
59,59,2,nonlinear_gmm,True,,0.36369839997496456,0.0019032999989576638,2,115,0.005092290398235833,`ftol` termination condition is satisfied.,0.5001324614065974,-0.28114018020600984,0.2076017937330619,2.503915154710816,0.10380089686653095,1.251957577355408,,,,
59,59,3,iterative_sur,True,,0.01682049996452406,0.0019032999989576638,5,0,2.6320085277548073e-05,Iterative SUR converged.,0.5065566982289318,-0.27994534739524346,0.18057475736047124,2.509339631610398,0.09028737868023562,1.254669815805199,,,,
59,59,4,expenditure_ols,True,,0.0027720999787561595,0.0019032999989576638,1,0,0.0006193838708021978,OLS coefficients only; sigma and epsilon levels are not identified here.,,-0.28293576956412425,,,,,,,-0.43408024200504824,0.12281682732427962
59,59,5,tornqvist_sur,True,,0.004484299977775663,0.0019032999989576638,2,0,0.0005892614530294702,"Two-step SUR completed. Tornqvist slopes are approximate coefficients, not epsilon levels.",0.5027289059536427,-0.2805283779018044,,,,,,,-0.4435326346189101,0.12442349053615656
59,59,6,hybrid_gmm,True,,0.023113599978387356,0.0019032999989576638,2,15,0.0023798668683948786,Two-step SUR completed. `xtol` termination condition is satisfied.,0.5027289059536427,-0.2805283779018044,0.19845037928422649,2.505385792809007,0.09922518964211324,1.2526928964045034,,,-0.4435326346189101,0.12442349053615656
59,59,7,known_consumption_sur,True,,0.00589380000019446,0.0019032999989576638,2,0,0.0002303308225552741,Two-step SUR completed.,0.49972368508763976,-0.281009804404165,0.20648198604497559,2.503996146296848,,,-1.7935180139550244,0.5039961462968479,-0.8972545827503547,0.25213733479941786
60,60,1,loglinear_gmm,True,,0.07811930001480505,0.0018359999521635473,2,65,0.00131483614235143,`ftol` termination condition is satisfied.,0.4997986151015705,-0.27992504038684035,0.19666319377038324,2.504799128314901,0.09833159688519162,1.2523995641574506,,,,
60,60,2,nonlinear_gmm,True,,0.294568800018169,0.0018359999521635473,2,100,0.0037175252225664203,`ftol` termination condition is satisfied.,0.49992696815730886,-0.2797893910160768,0.19776755155749187,2.5042455192191424,0.09888377577874594,1.2521227596095712,,,,
60,60,3,iterative_sur,True,,0.015433199994731694,0.0018359999521635473,4,0,7.357797096737538e-05,Iterative SUR converged.,0.5068588244026173,-0.2789396470309115,0.17260601202569914,2.5097326339919612,0.08630300601284957,1.2548663169959806,,,,
60,60,4,expenditure_ols,True,,0.0036391999456100166,0.0018359999521635473,1,0,0.0007431165369123625,OLS coefficients only; sigma and epsilon levels are not identified here.,,-0.2794663263972121,,,,,,,-0.43818595426038637,0.12245821891600699
60,60,5,tornqvist_sur,True,,0.004417699994519353,0.0018359999521635473,2,0,0.0005798911293459176,"Two-step SUR completed. Tornqvist slopes are approximate coefficients, not epsilon levels.",0.5032869146228147,-0.2793939874875951,,,,,,,-0.44362497098607795,0.123946149592869
60,60,6,hybrid_gmm,True,,0.02397989999735728,0.0018359999521635473,2,14,0.0019135055335652523,Two-step SUR completed. `ftol` termination condition is satisfied.,0.5032869146228147,-0.27939398748759514,0.18365385903008846,2.507476190983289,0.09182692951504423,1.2537380954916446,,,-0.44362497098607795,0.123946149592869
60,60,7,known_consumption_sur,True,,0.0059489000122994184,0.0018359999521635473,2,0,0.00023866297790990822,Two-step SUR completed.,0.5012428343721965,-0.2796126512470807,0.1952801263093733,2.504622508640933,,,-1.8047198736906267,0.5046225086409327,-0.9001169689541044,0.25168409212174336
61,61,1,loglinear_gmm,True,,0.09476499998709187,0.0020398999913595617,2,79,0.0012218729310140932,`ftol` termination condition is satisfied.,0.4993535656347012,-0.27789395381266196,0.20570533121733242,2.498623639812996,0.10285266560866621,1.249311819906498,,,,
61,61,2,nonlinear_gmm,True,,0.3255092999897897,0.0020398999913595617,2,109,0.0021501528593379365,`ftol` termination condition is satisfied.,0.49883119669856074,-0.27748745174203293,0.20634504794913308,2.4977167419490733,0.10317252397456654,1.2488583709745367,,,,
61,61,3,iterative_sur,True,,0.014701100008096546,0.0020398999913595617,4,0,4.990218378339779e-05,Iterative SUR converged.,0.5071700063560756,-0.2775387959748287,0.18336829721542092,2.504185775520535,0.09168414860771046,1.2520928877602675,,,,
61,61,4,expenditure_ols,True,,0.0023341000196523964,0.0020398999913595617,1,0,0.000709796236797432,OLS coefficients only; sigma and epsilon levels are not identified here.,,-0.27793427312785723,,,,,,,-0.43271693163752856,0.12026686586479318
61,61,5,tornqvist_sur,True,,0.004731299995910376,0.0020398999913595617,2,0,0.0006000312542902282,"Two-step SUR completed. Tornqvist slopes are approximate coefficients, not epsilon levels.",0.5023173721055048,-0.27755588613597093,,,,,,,-0.44051463509069017,0.12226742989846039
61,61,6,hybrid_gmm,True,,0.023458999989088625,0.0020398999913595617,2,14,0.0014888449042498892,Two-step SUR completed. `ftol` termination condition is satisfied.,0.5023173721055048,-0.277555886135971,0.19277644301255847,2.5016055358054508,0.09638822150627924,1.2508027679027254,,,-0.44051463509069017,0.12226742989846039
61,61,7,known_consumption_sur,True,,0.006045600050128996,0.0020398999913595617,2,0,0.00023449667062945328,Two-step SUR completed.,0.4995981681939763,-0.2777365405489678,0.2035722429134712,2.498933630599354,,,-1.7964277570865288,0.49893363059935397,-0.8989357403532856,0.2496673027015467
62,62,1,loglinear_gmm,True,,0.08536139997886494,0.002075499971397221,2,74,0.0023477893337659635,`ftol` termination condition is satisfied.,0.4999593487862603,-0.2770545498384511,0.1968390054041243,2.499573957644014,0.09841950270206215,1.249786978822007,,,,
62,62,2,nonlinear_gmm,True,,0.26578140002675354,0.002075499971397221,2,83,0.0051952066479190465,`ftol` termination condition is satisfied.,0.49994102958946585,-0.2772232220475121,0.19646786932056193,2.4999809883331685,0.09823393466028096,1.2499904941665843,,,,
62,62,3,iterative_sur,True,,0.01215939997928217,0.002075499971397221,3,0,3.900190850852642e-05,Iterative SUR converged.,0.505090268177155,-0.27710975878155525,0.1924717723646019,2.5008837111508972,0.09623588618230094,1.2504418555754486,,,,
62,62,4,expenditure_ols,True,,0.002320400031749159,0.002075499971397221,1,0,0.0006312768156494082,OLS coefficients only; sigma and epsilon levels are not identified here.,,-0.2785499216791436,,,,,,,-0.44027233274866634,0.12263782380463485
62,62,5,tornqvist_sur,True,,0.0048833999899216,0.002075499971397221,2,0,0.0005756702464809114,"Two-step SUR completed. Tornqvist slopes are approximate coefficients, not epsilon levels.",0.5025191086472407,-0.2772824888160907,,,,,,,-0.44883963473211574,0.12445537099782611
62,62,6,hybrid_gmm,True,,0.022026800026651472,0.002075499971397221,2,13,0.002607866180805264,Two-step SUR completed. `ftol` termination condition is satisfied.,0.5025191086472407,-0.2772824888160906,0.18702879184453702,2.5027051687492614,0.09351439592226851,1.2513525843746307,,,-0.44883963473211574,0.12445537099782611
62,62,7,known_consumption_sur,True,,0.005746299983002245,0.002075499971397221,2,0,0.0002148411122397765,Two-step SUR completed.,0.500652261096715,-0.27736276729065323,0.1980314679361459,2.4997989786239065,,,-1.801968532063854,0.49979897862390676,-0.8998089120609571,0.2495734898820191
63,63,1,loglinear_gmm,True,,0.07483509997837245,0.0019085999811068177,2,58,0.001678185001399571,`ftol` termination condition is satisfied.,0.5006875685011809,-0.2759956292526179,0.19718448600957061,2.4975692022101703,0.09859224300478531,1.2487846011050852,,,,
63,63,2,nonlinear_gmm,True,,0.30433240003185347,0.0019085999811068177,2,105,0.002779288909409609,`ftol` termination condition is satisfied.,0.5016688742139158,-0.2758174616675079,0.19505357382586208,2.4978357417131907,0.09752678691293104,1.2489178708565953,,,,
63,63,3,iterative_sur,True,,0.01390200003515929,0.0019085999811068177,4,0,1.6090295058446392e-05,Iterative SUR converged.,0.5089250271598296,-0.27515271906821176,0.19678281746521242,2.4961601108449667,0.09839140873260621,1.2480800554224833,,,,
63,63,4,expenditure_ols,True,,0.0023945000139065087,0.0019085999811068177,1,0,0.0006380700085711138,OLS coefficients only; sigma and epsilon levels are not identified here.,,-0.2757328639711941,,,,,,,-0.434438584113406,0.11978899501717995
63,63,5,tornqvist_sur,True,,0.004957999975886196,0.0019085999811068177,2,0,0.0005915349008398363,"Two-step SUR completed. Tornqvist slopes are approximate coefficients, not epsilon levels.",0.5078500015136789,-0.2754590631020562,,,,,,,-0.4436329297989337,0.12220271120363455
63,63,6,hybrid_gmm,True,,0.02558870002394542,0.0019085999811068177,2,15,0.003430890560844614,Two-step SUR completed. Both `ftol` and `xtol` termination conditions are satisfied.,0.5078500015136789,-0.2754590631020561,0.16719477815125305,2.504862809259012,0.08359738907562653,1.252431404629506,,,-0.4436329297989337,0.12220271120363455
63,63,7,known_consumption_sur,True,,0.007294600014574826,0.0019085999811068177,2,0,0.00023221347332376413,Two-step SUR completed.,0.5012286028020454,-0.27664828719083284,0.19663451213319028,2.4988979733974137,,,-1.8033654878668097,0.4988979733974136,-0.8994671240418999,0.248836039250656
64,64,1,loglinear_gmm,True,,0.08413619996281341,0.002171300002373755,2,67,0.0018198875754543494,`ftol` termination condition is satisfied.,0.5003654390811321,-0.27594530258940475,0.20137839626087906,2.496321182687632,0.10068919813043953,1.248160591343816,,,,
64,64,2,nonlinear_gmm,True,,0.30889480002224445,0.002171300002373755,2,102,0.0034342133735367113,`ftol` termination condition is satisfied.,0.5010006290645569,-0.2753791124996453,0.1985322009554252,2.4960866036975844,0.0992661004777126,1.2480433018487922,,,,
64,64,3,iterative_sur,True,,0.015691999986302108,0.002171300002373755,5,0,8.239226413847301e-05,Iterative SUR converged.,0.506561901072053,-0.27449039519663293,0.18792649633577274,2.497396772146141,0.09396324816788637,1.2486983860730705,,,,
64,64,4,expenditure_ols,True,,0.002325700013898313,0.002171300002373755,1,0,0.0007295185118187431,OLS coefficients only; sigma and epsilon levels are not identified here.,,-0.27214718900574114,,,,,,,-0.43947248211696516,0.11960120065350792
64,64,5,tornqvist_sur,True,,0.003964200033806264,0.002171300002373755,2,0,0.0006672409224430146,"Two-step SUR completed. Tornqvist slopes are approximate coefficients, not epsilon levels.",0.5037835061046847,-0.27471976725157266,,,,,,,-0.4447083287898888,0.1221701685799941
64,64,6,hybrid_gmm,True,,0.021039400016888976,0.002171300002373755,2,13,0.0021970268683614777,Two-step SUR completed. `ftol` termination condition is satisfied.,0.5037835061046847,-0.2747197672515726,0.18713901144273493,2.4980287488359076,0.09356950572136746,1.2490143744179538,,,-0.4447083287898888,0.1221701685799941
64,64,7,known_consumption_sur,True,,0.00593230000231415,0.002171300002373755,2,0,0.00024104382267165742,Two-step SUR completed.,0.4993600552910823,-0.2746917442319131,0.2030981077353491,2.4935941149998024,,,-1.796901892264651,0.4935941149998022,-0.8996008639907245,0.24711293044214816
65,65,1,loglinear_gmm,True,,0.0825116999913007,0.0020385999814607203,2,69,0.0014442502451993064,`ftol` termination condition is satisfied.,0.49869739442298655,-0.27828591130086167,0.20986718085296746,2.4981687429259125,0.10493359042648373,1.2490843714629563,,,,
65,65,2,nonlinear_gmm,True,,0.24355109996395186,0.0020385999814607203,2,80,0.004093831008758409,`ftol` termination condition is satisfied.,0.5000421241676968,-0.27879644179714086,0.2044814593749902,2.500584180307048,0.1022407296874951,1.250292090153524,,,,
65,65,3,iterative_sur,True,,0.011341099976561964,0.0020385999814607203,3,0,5.902631761675986e-05,Iterative SUR converged.,0.5084342407101412,-0.28005122367638485,0.18116024355879357,2.5093682994626176,0.09058012177939678,1.2546841497313088,,,,
65,65,4,expenditure_ols,True,,0.0023982999846339226,0.0020385999814607203,1,0,0.0006604737346834767,OLS coefficients only; sigma and epsilon levels are not identified here.,,-0.28148506532889245,,,,,,,-0.4389900157967277,0.12356913327527341
65,65,5,tornqvist_sur,True,,0.0045553999952971935,0.0020385999814607203,2,0,0.0006128770399592854,"Two-step SUR completed. Tornqvist slopes are approximate coefficients, not epsilon levels.",0.5035320774026552,-0.2801839306290595,,,,,,,-0.44433282656901846,0.1244949178556278
65,65,6,hybrid_gmm,True,,0.02444970002397895,0.0020385999814607203,2,15,0.002331038562480426,Two-step SUR completed. Both `ftol` and `xtol` termination conditions are satisfied.,0.5035320774026552,-0.2801839306290595,0.191725247210909,2.5066495278937384,0.0958626236054545,1.2533247639468692,,,-0.44433282656901846,0.1244949178556278
65,65,7,known_consumption_sur,True,,0.006074399978388101,0.0020385999814607203,2,0,0.00024231439115158208,Two-step SUR completed.,0.49935699597207306,-0.28020700294924966,0.2072056520177541,2.502353531152459,,,-1.792794347982246,0.5023535311524593,-0.8975499479781202,0.251499780920204
66,66,1,loglinear_gmm,True,,0.08125780004775152,0.001967500022146851,2,72,0.0011866253028688623,`ftol` termination condition is satisfied.,0.5006236813538929,-0.27757261794759946,0.19797834879353865,2.5001918673236334,0.09898917439676932,1.2500959336618167,,,,
66,66,2,nonlinear_gmm,True,,0.26589270000113174,0.001967500022146851,2,89,0.0024466169327434302,`ftol` termination condition is satisfied.,0.5013959485926934,-0.2778090777769349,0.1943464046200601,2.501626960117108,0.09717320231003004,1.250813480058554,,,,
66,66,3,iterative_sur,True,,0.015310100046917796,0.001967500022146851,4,0,7.44632500864552e-05,Iterative SUR converged.,0.508790577991727,-0.2780962494359086,0.18297311575194009,2.5053083616336003,0.09148655787597004,1.2526541808168001,,,,
66,66,4,expenditure_ols,True,,0.0024074000539258122,0.001967500022146851,1,0,0.0006984046540678577,OLS coefficients only; sigma and epsilon levels are not identified here.,,-0.27569781957176576,,,,,,,-0.43902981383708234,0.12103956240188184
66,66,5,tornqvist_sur,True,,0.004143199999816716,0.001967500022146851,2,0,0.0006337255845269971,"Two-step SUR completed. Tornqvist slopes are approximate coefficients, not epsilon levels.",0.5037549433232021,-0.2785578766858601,,,,,,,-0.44409987599024825,0.12370751849229732
66,66,6,hybrid_gmm,True,,0.023669200018048286,0.001967500022146851,2,16,0.0015434171183566691,Two-step SUR completed. `xtol` termination condition is satisfied.,0.5037549433232021,-0.27855787668585996,0.1858882649906457,2.505335112975107,0.09294413249532285,1.2526675564875536,,,-0.44409987599024825,0.12370751849229732
66,66,7,known_consumption_sur,True,,0.005898999981582165,0.001967500022146851,2,0,0.00024476696423261866,Two-step SUR completed.,0.49947675524587554,-0.2790014910228105,0.20307825710905636,2.501343845517881,,,-1.7969217428909436,0.5013438455178807,-0.8994011013210117,0.25093424829612015
67,67,1,loglinear_gmm,True,,0.08212960005039349,0.0019065000233240426,2,70,0.0011575327291071162,`ftol` termination condition is satisfied.,0.5001847339557676,-0.2744284647937694,0.1969399522473585,2.494811000835738,0.09846997612367925,1.247405500417869,,,,
67,67,2,nonlinear_gmm,True,,0.33515490003628656,0.0019065000233240426,2,112,0.0022908370921696907,`ftol` termination condition is satisfied.,0.5001899356038071,-0.2743004612502203,0.19657451162519923,2.4946804432916116,0.09828725581259962,1.2473402216458058,,,,
67,67,3,iterative_sur,True,,0.012028199969790876,0.0019065000233240426,3,0,9.193394749245395e-05,Iterative SUR converged.,0.5065867035455429,-0.27617091803086213,0.18646631511827638,2.500845262633678,0.09323315755913819,1.250422631316839,,,,
67,67,4,expenditure_ols,True,,0.0022124999668449163,0.0019065000233240426,1,0,0.0006678380981831051,OLS coefficients only; sigma and epsilon levels are not identified here.,,-0.2758360355423999,,,,,,,-0.4356727957089017,0.12017425676201733
67,67,5,tornqvist_sur,True,,0.004520700022112578,0.0019065000233240426,2,0,0.0005808364939886663,"Two-step SUR completed. Tornqvist slopes are approximate coefficients, not epsilon levels.",0.5033411412274005,-0.27619853884523876,,,,,,,-0.44211141627667283,0.12211052718241613
67,67,6,hybrid_gmm,True,,0.02318279998144135,0.0019065000233240426,2,16,0.0016915096594095733,Two-step SUR completed. Both `ftol` and `xtol` termination conditions are satisfied.,0.5033411412274005,-0.2761985388452386,0.18448561114248907,2.501442421454951,0.09224280557124453,1.2507212107274754,,,-0.44211141627667283,0.12211052718241613
67,67,7,known_consumption_sur,True,,0.005863600003067404,0.0019065000233240426,2,0,0.0002374577029915817,Two-step SUR completed.,0.4994718405809454,-0.27611511107847253,0.19853916148782247,2.497410559529308,,,-1.8014608385121775,0.4974105595293082,-0.901681877766007,0.2489679918368067
68,68,1,loglinear_gmm,True,,0.09244760003639385,0.0019037000020034611,2,83,0.0018687653552876325,`ftol` termination condition is satisfied.,0.5009435876962618,-0.27693168738646934,0.1992437760727344,2.4986864596638645,0.0996218880363672,1.2493432298319322,,,,
68,68,2,nonlinear_gmm,True,,0.27438890002667904,0.0019037000020034611,2,87,0.004805352146662874,`ftol` termination condition is satisfied.,0.5019176919923528,-0.27621910878018585,0.19595728802842788,2.498311070102177,0.09797864401421394,1.2491555350510886,,,,
68,68,3,iterative_sur,True,,0.010915499995462596,0.0019037000020034611,3,0,8.862715653193679e-05,Iterative SUR converged.,0.5084775339421694,-0.27677248096043244,0.19256420430430277,2.5002484893513914,0.09628210215215138,1.2501242446756957,,,,
68,68,4,expenditure_ols,True,,0.002116900053806603,0.0019037000020034611,1,0,0.0006325919722598412,OLS coefficients only; sigma and epsilon levels are not identified here.,,-0.2788318277607501,,,,,,,-0.437253031633683,0.12192006200434892
68,68,5,tornqvist_sur,True,,0.004586299997754395,0.0019037000020034611,2,0,0.0006013499167038163,"Two-step SUR completed. Tornqvist slopes are approximate coefficients, not epsilon levels.",0.5057711292601432,-0.27701452194542725,,,,,,,-0.44719167941452764,0.12387858929098815
68,68,6,hybrid_gmm,True,,0.026341000047978014,0.0019037000020034611,2,17,0.0026967490012416097,Two-step SUR completed. Both `ftol` and `xtol` termination conditions are satisfied.,0.5057711292601432,-0.2770145219454274,0.18027783833802213,2.5040894646862926,0.09013891916901107,1.2520447323431463,,,-0.44719167941452764,0.12387858929098815
68,68,7,known_consumption_sur,True,,0.006814200023654848,0.0019037000020034611,2,0,0.0002566567519939602,Two-step SUR completed.,0.501063234279197,-0.2775301805224551,0.1953972186881896,2.5008317356687915,,,-1.8046027813118104,0.5008317356687912,-0.9003826751184802,0.24988336636492284
69,69,1,loglinear_gmm,True,,0.07229350000852719,0.0018880999996326864,2,60,0.001557107326468906,`ftol` termination condition is satisfied.,0.5016533843288344,-0.2774356212152327,0.197061729749822,2.500199299019575,0.098530864874911,1.2500996495097876,,,,
69,69,2,nonlinear_gmm,True,,0.333998900023289,0.0018880999996326864,2,116,0.005201387459890958,`ftol` termination condition is satisfied.,0.5028343148955533,-0.27780626462312313,0.19328198040448516,2.5019175842511165,0.09664099020224258,1.2509587921255583,,,,
69,69,3,iterative_sur,True,,0.014504300022963434,0.0018880999996326864,4,0,4.249140020725793e-05,Iterative SUR converged.,0.5083501831797755,-0.2796408938507439,0.17144678368496868,2.511338255863988,0.08572339184248434,1.255669127931994,,,,
69,69,4,expenditure_ols,True,,0.0031991999712772667,0.0018880999996326864,1,0,0.0006064347857616066,OLS coefficients only; sigma and epsilon levels are not identified here.,,-0.28064677675180466,,,,,,,-0.4434657331242757,0.12445722860120398
69,69,5,tornqvist_sur,True,,0.004630400042515248,0.0018880999996326864,2,0,0.0005186064296743142,"Two-step SUR completed. Tornqvist slopes are approximate coefficients, not epsilon levels.",0.5039134475164335,-0.2793570185695722,,,,,,,-0.4469641226793274,0.12486256471926141
69,69,6,hybrid_gmm,True,,0.022768300026655197,0.0018880999996326864,2,14,0.0018553508350729428,Two-step SUR completed. `ftol` termination condition is satisfied.,0.5039134475164335,-0.2793570185695721,0.18891710667787853,2.5059387174608223,0.09445855333893927,1.2529693587304112,,,-0.4469641226793274,0.12486256471926141
69,69,7,known_consumption_sur,True,,0.005781399959232658,0.0018880999996326864,2,0,0.0002400699252518305,Two-step SUR completed.,0.5029849972889978,-0.27952772782323126,0.19371395621961174,2.5049070336167456,,,-1.8062860437803883,0.5049070336167456,-0.8977512629463551,0.2509463706818309
70,70,1,loglinear_gmm,True,,0.08111949998419732,0.0019647000008262694,2,68,0.0017980997502479701,`ftol` termination condition is satisfied.,0.49983412476501143,-0.2776087305282925,0.2016650345102457,2.4992334868342514,0.10083251725512285,1.2496167434171257,,,,
70,70,2,nonlinear_gmm,True,,0.2768709000083618,0.0019647000008262694,2,90,0.004534806440462502,`ftol` termination condition is satisfied.,0.499840761805409,-0.2775342090929363,0.20393591631584415,2.4984692249455116,0.10196795815792208,1.2492346124727558,,,,
70,70,3,iterative_sur,True,,0.013862800027709454,0.0019647000008262694,4,0,1.6998677712137988e-05,Iterative SUR converged.,0.504301988635981,-0.27883572819872127,0.20352515339888266,2.5009213720427086,0.10176257669944133,1.2504606860213543,,,,
70,70,4,expenditure_ols,True,,0.002356800017878413,0.0019647000008262694,1,0,0.0006560255143788926,OLS coefficients only; sigma and epsilon levels are not identified here.,,-0.27812065687568105,,,,,,,-0.4366296077309639,0.12143571331350662
70,70,5,tornqvist_sur,True,,0.0034876999561674893,0.0019647000008262694,2,0,0.0005931526701699377,"Two-step SUR completed. Tornqvist slopes are approximate coefficients, not epsilon levels.",0.5026272618880432,-0.27882385608984167,,,,,,,-0.44339950279649265,0.1236303591580366
70,70,6,hybrid_gmm,True,,0.02282260003266856,0.0019647000008262694,2,15,0.002014124226823867,Two-step SUR completed. `xtol` termination condition is satisfied.,0.5026272618880432,-0.27882385608984167,0.1905991116660255,2.504504132897664,0.09529955583301275,1.252252066448832,,,-0.44339950279649265,0.1236303591580366
70,70,7,known_consumption_sur,True,,0.005253300012554973,0.0019647000008262694,2,0,0.00021170087223574107,Two-step SUR completed.,0.4996360717205792,-0.2786251065837254,0.2035236558623792,2.5005434128604858,,,-1.7964763441376208,0.500543412860486,-0.8988919606137525,0.2504538683332607
71,71,1,loglinear_gmm,True,,0.08122430002549663,0.0020063999691046774,2,63,0.0036547794955369287,`ftol` termination condition is satisfied.,0.49748566852217146,-0.28038851971867756,0.20911609881422683,2.5021432860414894,0.10455804940711341,1.2510716430207447,,,,
71,71,2,nonlinear_gmm,True,,0.3531018000212498,0.0020063999691046774,2,123,0.007581068265294838,`ftol` termination condition is satisfied.,0.4992470341545545,-0.2806443561917128,0.19920810199047148,2.5053820828521367,0.09960405099523574,1.2526910414260684,,,,
71,71,3,iterative_sur,True,,0.013192499987781048,0.0020063999691046774,3,0,8.073528776724469e-05,Iterative SUR converged.,0.5051188967863878,-0.28040625679243775,0.19792037475335467,2.505314402157331,0.09896018737667733,1.2526572010786654,,,,
71,71,4,expenditure_ols,True,,0.002393700007814914,0.0020063999691046774,1,0,0.000676443074096138,OLS coefficients only; sigma and epsilon levels are not identified here.,,-0.28170643870254103,,,,,,,-0.4314150955541035,0.12153241017106295
71,71,5,tornqvist_sur,True,,0.004363499989267439,0.0020063999691046774,2,0,0.0006205607058693948,"Two-step SUR completed. Tornqvist slopes are approximate coefficients, not epsilon levels.",0.4998743095929443,-0.2812479054222273,,,,,,,-0.4414256758045841,0.12415004671963041
71,71,6,hybrid_gmm,True,,0.022354800021275878,0.0020063999691046774,2,13,0.0037268948156468787,Two-step SUR completed. `ftol` termination condition is satisfied.,0.4998743095929443,-0.28124790542222716,0.19862026749105421,2.506634276638193,0.09931013374552711,1.2533171383190964,,,-0.4414256758045841,0.12415004671963041
71,71,7,known_consumption_sur,True,,0.0056081999791786075,0.0020063999691046774,2,0,0.00024057153249954101,Two-step SUR completed.,0.4993314453211771,-0.28103990744208385,0.20048961935607368,2.505734230817238,,,-1.7995103806439263,0.5057342308172381,-0.900958261406533,0.2532052263948728
72,72,1,loglinear_gmm,True,,0.07896660000551492,0.001951000012923032,2,63,0.001993155244500291,`ftol` termination condition is satisfied.,0.4997353965897363,-0.2827183629395716,0.20292291984549612,2.5080666901775066,0.10146145992274806,1.2540333450887533,,,,
72,72,2,nonlinear_gmm,True,,0.3092323999735527,0.001951000012923032,2,103,0.0034763041463136274,`ftol` termination condition is satisfied.,0.5004358082301573,-0.2829089388390298,0.20108818353190136,2.5089282330619813,0.10054409176595068,1.2544641165309907,,,,
72,72,3,iterative_sur,True,,0.012981500010937452,0.001951000012923032,4,0,4.3960899484256907e-05,Iterative SUR converged.,0.5084082875941509,-0.28339896745440324,0.19112529533034328,2.5126332235577693,0.09556264766517164,1.2563166117788847,,,,
72,72,4,expenditure_ols,True,,0.0024149000528268516,0.001951000012923032,1,0,0.0006135217920058574,OLS coefficients only; sigma and epsilon levels are not identified here.,,-0.28789465529380404,,,,,,,-0.4392125309174294,0.12644694018919259
72,72,5,tornqvist_sur,True,,0.004175000009126961,0.001951000012923032,2,0,0.0005811558114572994,"Two-step SUR completed. Tornqvist slopes are approximate coefficients, not epsilon levels.",0.5055298226661286,-0.28346136247737663,,,,,,,-0.44880226921801264,0.12721810271547626
72,72,6,hybrid_gmm,True,,0.024364400014746934,0.001951000012923032,2,14,0.003159100118044572,Two-step SUR completed. `ftol` termination condition is satisfied.,0.5055298226661286,-0.2834613624773767,0.17944581663161308,2.516056769281491,0.08972290831580654,1.2580283846407454,,,-0.44880226921801264,0.12721810271547626
72,72,7,known_consumption_sur,True,,0.006201499956659973,0.001951000012923032,2,0,0.0002499893650358167,Two-step SUR completed.,0.4997346995396391,-0.28353924144205295,0.20775789595652938,2.5081709666609946,,,-1.7922421040434706,0.5081709666609946,-0.8965965346770162,0.2542203013218945
73,73,1,loglinear_gmm,True,,0.0861620000214316,0.0020695000421255827,2,67,0.0011133143782412786,`ftol` termination condition is satisfied.,0.4993688641146248,-0.2730696722008096,0.20360074493785704,2.490542155721598,0.10180037246892852,1.245271077860799,,,,
73,73,2,nonlinear_gmm,True,,0.3515025999513455,0.0020695000421255827,2,122,0.002834010359615357,`ftol` termination condition is satisfied.,0.4999725531058169,-0.2728551567892432,0.19901308988321825,2.491408565735289,0.09950654494160913,1.2457042828676446,,,,
73,73,3,iterative_sur,True,,0.011915699986275285,0.0020695000421255827,3,0,7.021810415448725e-05,Iterative SUR converged.,0.5074796465706224,-0.27369473042017045,0.18798504632208157,2.4959389442641955,0.09399252316104079,1.2479694721320977,,,,
73,73,4,expenditure_ols,True,,0.00229350000154227,0.0020695000421255827,1,0,0.0006920937167203389,OLS coefficients only; sigma and epsilon levels are not identified here.,,-0.277659176534518,,,,,,,-0.4459302318060819,0.12381662095512343
73,73,5,tornqvist_sur,True,,0.004600799991749227,0.0020695000421255827,2,0,0.0005993710715388885,"Two-step SUR completed. Tornqvist slopes are approximate coefficients, not epsilon levels.",0.5027075258503382,-0.2740432672055343,,,,,,,-0.4503019994157973,0.12340223114908969
73,73,6,hybrid_gmm,True,,0.022031899949070066,0.0020695000421255827,2,16,0.0015756109168277486,Two-step SUR completed. `xtol` termination condition is satisfied.,0.5027075258503382,-0.2740432672055343,0.19128527510352922,2.495666092653388,0.09564263755176461,1.247833046326694,,,-0.4503019994157973,0.12340223114908969
73,73,7,known_consumption_sur,True,,0.005736299965064973,0.0020695000421255827,2,0,0.00023039298239514318,Two-step SUR completed.,0.5005871446644021,-0.274307608247932,0.19365737220347534,2.495493525907149,,,-1.8063426277965247,0.4954935259071491,-0.9021107294622693,0.24745583657359235
74,74,1,loglinear_gmm,True,,0.08136010001180694,0.0018597000162117183,2,69,0.0023784420084153467,`ftol` termination condition is satisfied.,0.4994068144267324,-0.2737175974615243,0.20366393081079054,2.491688793091949,0.10183196540539527,1.2458443965459745,,,,
74,74,2,nonlinear_gmm,True,,0.3094072000239976,0.0018597000162117183,2,105,0.0055951051052693206,`ftol` termination condition is satisfied.,0.49968720934466176,-0.2735342655735222,0.20113132414755935,2.4920522221125117,0.10056566207377968,1.2460261110562558,,,,
74,74,3,iterative_sur,True,,0.016369900025893003,0.0018597000162117183,5,0,3.748668487556184e-05,Iterative SUR converged.,0.5041468511940692,-0.27558917326849963,0.19148961529254716,2.498405881769023,0.09574480764627358,1.2492029408845116,,,,
74,74,4,expenditure_ols,True,,0.0021403999999165535,0.0018597000162117183,1,0,0.0006513687934850689,OLS coefficients only; sigma and epsilon levels are not identified here.,,-0.2778255389510033,,,,,,,-0.4378859729505558,0.12165590643407263
74,74,5,tornqvist_sur,True,,0.004226699995342642,0.0018597000162117183,2,0,0.0006274679895914974,"Two-step SUR completed. Tornqvist slopes are approximate coefficients, not epsilon levels.",0.5040564693546924,-0.27571035218901496,,,,,,,-0.4454279695999499,0.12280910237324004
74,74,6,hybrid_gmm,True,,0.025492900051176548,0.0018597000162117183,2,14,0.003229511652270816,Two-step SUR completed. `ftol` termination condition is satisfied.,0.5040564693546924,-0.27571035218901496,0.18422205305216566,2.500628777250034,0.09211102652608283,1.250314388625017,,,-0.4454279695999499,0.12280910237324004
74,74,7,known_consumption_sur,True,,0.005768599978182465,0.0018597000162117183,2,0,0.00024047462054325493,Two-step SUR completed.,0.49962183213377453,-0.27557802358766226,0.19755325962167802,2.4967147103354823,,,-1.802446740378322,0.4967147103354822,-0.9019049976269549,0.24854519670987146
75,75,1,loglinear_gmm,True,,0.09610140003496781,0.001949199999216944,2,84,0.0015702355316242565,`ftol` termination condition is satisfied.,0.501599317662569,-0.27416937292044385,0.1920213691339404,2.49569236747811,0.0960106845669702,1.247846183739055,,,,
75,75,2,nonlinear_gmm,True,,0.31745249999221414,0.001949199999216944,2,111,0.0031485336524915914,`ftol` termination condition is satisfied.,0.5024440659091772,-0.27406217918185777,0.19200402635873526,2.4955033164881497,0.09600201317936763,1.2477516582440749,,,,
75,75,3,iterative_sur,True,,0.01163949997862801,0.001949199999216944,3,0,6.629443652539451e-05,Iterative SUR converged.,0.5093050221673843,-0.27541063412174377,0.17239616670143376,2.503341530652088,0.08619808335071688,1.251670765326044,,,,
75,75,4,expenditure_ols,True,,0.003163799992762506,0.001949199999216944,1,0,0.0006758933577786109,OLS coefficients only; sigma and epsilon levels are not identified here.,,-0.27103852224924146,,,,,,,-0.4289267538664002,0.11625567352111324
75,75,5,tornqvist_sur,True,,0.004593399993609637,0.001949199999216944,2,0,0.0006236808418040689,"Two-step SUR completed. Tornqvist slopes are approximate coefficients, not epsilon levels.",0.506200880474081,-0.27537043519190507,,,,,,,-0.4408440091701293,0.1213954066569227
75,75,6,hybrid_gmm,True,,0.022933000000193715,0.001949199999216944,2,14,0.0025559489438523736,Two-step SUR completed. `ftol` termination condition is satisfied.,0.506200880474081,-0.27537043519190507,0.17382138339404296,2.5028756003929336,0.08691069169702148,1.2514378001964668,,,-0.4408440091701293,0.1213954066569227
75,75,7,known_consumption_sur,True,,0.005986700009088963,0.001949199999216944,2,0,0.00023825197565710167,Two-step SUR completed.,0.5018828668022299,-0.27524520441243056,0.19183575529989838,2.4976885371437274,,,-1.8081642447001016,0.49768853714372757,-0.9006775899207258,0.24790718734742548
76,76,1,loglinear_gmm,True,,0.0864086999790743,0.0019200000097043812,2,79,0.0018023516910747126,`ftol` termination condition is satisfied.,0.5015388564644071,-0.2763882478052221,0.1910035389162466,2.4999853621647863,0.0955017694581233,1.2499926810823931,,,,
76,76,2,nonlinear_gmm,True,,0.2509573999559507,0.0019200000097043812,2,80,0.0036579393157027806,`ftol` termination condition is satisfied.,0.5022509621424648,-0.2763743322786606,0.1873928001797646,2.5009581045338103,0.0936964000898823,1.2504790522669051,,,,
76,76,3,iterative_sur,True,,0.014486100000794977,0.0019200000097043812,4,0,5.1091870976652066e-06,Iterative SUR converged.,0.5097166266216508,-0.276708749336785,0.16430091672745228,2.5079539974910294,0.08215045836372614,1.2539769987455147,,,,
76,76,4,expenditure_ols,True,,0.002188999962527305,0.0019200000097043812,1,0,0.0006131018450570971,OLS coefficients only; sigma and epsilon levels are not identified here.,,-0.2750785961890903,,,,,,,-0.4393630061416512,0.12085935894686407
76,76,5,tornqvist_sur,True,,0.00414259999524802,0.0019200000097043812,2,0,0.0005666276142960824,"Two-step SUR completed. Tornqvist slopes are approximate coefficients, not epsilon levels.",0.5055503528084715,-0.27679168391523024,,,,,,,-0.4476232200793641,0.1238983848453249
76,76,6,hybrid_gmm,True,,0.02527930005453527,0.0019200000097043812,2,15,0.0022535968590937463,Two-step SUR completed. Both `ftol` and `xtol` termination conditions are satisfied.,0.5055503528084715,-0.2767916839152301,0.17463054938743738,2.5052470840024696,0.08731527469371869,1.2526235420012348,,,-0.4476232200793641,0.1238983848453249
76,76,7,known_consumption_sur,True,,0.0052560000331141055,0.0019200000097043812,2,0,0.00023694068906408372,Two-step SUR completed.,0.5018782283005112,-0.27735089541514113,0.18887987973602338,2.502315787059592,,,-1.8111201202639766,0.502315787059592,-0.9021583630664832,0.2502144298027471
77,77,1,loglinear_gmm,True,,0.08678330003749579,0.001896300003863871,2,78,0.0018807546176418948,`ftol` termination condition is satisfied.,0.49957675039116944,-0.27337624786518383,0.19765312730215479,2.492718825409685,0.09882656365107739,1.2463594127048425,,,,
77,77,2,nonlinear_gmm,True,,0.2916281000361778,0.001896300003863871,2,95,0.004084077676502406,`ftol` termination condition is satisfied.,0.500322680826143,-0.27360720044943965,0.19470664691460807,2.493941260327676,0.09735332345730403,1.246970630163838,,,,
77,77,3,iterative_sur,True,,0.012577200017403811,0.001896300003863871,3,0,5.491764714805256e-05,Iterative SUR converged.,0.5055876233549217,-0.27385792990460456,0.17808496167633736,2.4989458808573866,0.08904248083816868,1.2494729404286933,,,,
77,77,4,expenditure_ols,True,,0.0024437999818474054,0.001896300003863871,1,0,0.0007114135614021185,OLS coefficients only; sigma and epsilon levels are not identified here.,,-0.27275960402066435,,,,,,,-0.43755117909243274,0.11934628634802674
77,77,5,tornqvist_sur,True,,0.004556999949272722,0.001896300003863871,2,0,0.0006048735982551392,"Two-step SUR completed. Tornqvist slopes are approximate coefficients, not epsilon levels.",0.5032501750105893,-0.2737558257296354,,,,,,,-0.44466939526563676,0.12173083747764202
77,77,6,hybrid_gmm,True,,0.021740199998021126,0.001896300003863871,2,16,0.0024355754539199036,Two-step SUR completed. `xtol` termination condition is satisfied.,0.5032501750105893,-0.2737558257296354,0.18205464894713863,2.497673130708828,0.09102732447356932,1.248836565354414,,,-0.44466939526563676,0.12173083747764202
77,77,7,known_consumption_sur,True,,0.005612500011920929,0.001896300003863871,2,0,0.0002488305903067431,Two-step SUR completed.,0.5008116996028102,-0.27395753793928523,0.18747579560464667,2.496554668491513,,,-1.8125242043953533,0.4965546684915128,-0.9047908770208849,0.24787428101856823
78,78,1,loglinear_gmm,True,,0.0857460000552237,0.0019407999934628606,2,79,0.00201562917694263,Both `ftol` and `xtol` termination conditions are satisfied.,0.5017964891674825,-0.28101551124488217,0.19665226028938027,2.5067686870270824,0.09832613014469013,1.2533843435135412,,,,
78,78,2,nonlinear_gmm,True,,0.3431851000059396,0.0019407999934628606,2,115,0.00538521409275903,`ftol` termination condition is satisfied.,0.5022045125752237,-0.2811204846353502,0.19797248585784816,2.506586848101877,0.09898624292892408,1.2532934240509386,,,,
78,78,3,iterative_sur,True,,0.014696700032800436,0.0019407999934628606,4,0,2.9579894673358506e-05,Iterative SUR converged.,0.5102092357937777,-0.28051621718747494,0.18193635485455695,2.5099963363422715,0.09096817742727847,1.2549981681711357,,,,
78,78,4,expenditure_ols,True,,0.0024833999923430383,0.0019407999934628606,1,0,0.000651324076624154,OLS coefficients only; sigma and epsilon levels are not identified here.,,-0.2813562548975729,,,,,,,-0.4364782748932616,0.1228058927681214
78,78,5,tornqvist_sur,True,,0.004891899996437132,0.0019407999934628606,2,0,0.0005911161803963179,"Two-step SUR completed. Tornqvist slopes are approximate coefficients, not epsilon levels.",0.5045184029528564,-0.28089077546743796,,,,,,,-0.4419197280780633,0.1241311751142065
78,78,6,hybrid_gmm,True,,0.02427019999595359,0.0019407999934628606,2,15,0.002212513480113186,Two-step SUR completed. `xtol` termination condition is satisfied.,0.5045184029528564,-0.28089077546743785,0.18532064309311735,2.5097266917863257,0.09266032154655868,1.2548633458931628,,,-0.4419197280780633,0.1241311751142065
78,78,7,known_consumption_sur,True,,0.005850200017448515,0.0019407999934628606,2,0,0.00024611699843170466,Two-step SUR completed.,0.5022530369531226,-0.28086119496907264,0.19817679984166192,2.5060622171194695,,,-1.801823200158338,0.5060622171194694,-0.8968520258262186,0.25189093168398535
79,79,1,loglinear_gmm,True,,0.08021149999694899,0.0018721999949775636,2,72,0.0007191297614667402,`xtol` termination condition is satisfied.,0.5016776520746007,-0.27741255907936474,0.19058819605339292,2.501953558961238,0.09529409802669646,1.250976779480619,,,,
79,79,2,nonlinear_gmm,True,,0.3314927000319585,0.0018721999949775636,2,118,0.002320966350702833,`ftol` termination condition is satisfied.,0.5013948306789895,-0.27699082134641506,0.19063285275084874,2.5011780922337623,0.09531642637542437,1.2505890461168812,,,,
79,79,3,iterative_sur,True,,0.013289200025610626,0.0018721999949775636,4,0,5.612563800526966e-05,Iterative SUR converged.,0.5067214771825577,-0.27709537156922526,0.16121055238188298,2.5095200452253126,0.08060527619094149,1.2547600226126563,,,,
79,79,4,expenditure_ols,True,,0.0022519999765791,0.0018721999949775636,1,0,0.0007076493003797686,OLS coefficients only; sigma and epsilon levels are not identified here.,,-0.27710625077064316,,,,,,,-0.447073066083494,0.12388674116293302
79,79,5,tornqvist_sur,True,,0.0038289999938569963,0.0018721999949775636,2,0,0.0005919972502269111,"Two-step SUR completed. Tornqvist slopes are approximate coefficients, not epsilon levels.",0.5025364371417097,-0.27713194464904156,,,,,,,-0.45099103529465473,0.1249840226304922
79,79,6,hybrid_gmm,True,,0.023040999949444085,0.0018721999949775636,2,14,0.0007819245144408958,Two-step SUR completed. `ftol` termination condition is satisfied.,0.5025364371417097,-0.27713194464904156,0.1874567997811718,2.502313621837041,0.0937283998905859,1.2511568109185205,,,-0.45099103529465473,0.1249840226304922
79,79,7,known_consumption_sur,True,,0.006004099966958165,0.0018721999949775636,2,0,0.00022258276837268954,Two-step SUR completed.,0.500400267183948,-0.2774334728800609,0.19218276403726087,2.501549014105575,,,-1.8078172359627391,0.5015490141055753,-0.9031850080672379,0.2505737534412997
80,80,1,loglinear_gmm,True,,0.08888330002082512,0.001977300038561225,2,78,0.0011126236922377236,`ftol` termination condition is satisfied.,0.5010108870691308,-0.27422846364176195,0.19344461679296004,2.495408907220621,0.09672230839648002,1.2477044536103106,,,,
80,80,2,nonlinear_gmm,True,,0.3493204000405967,0.001977300038561225,2,124,0.002147199141613565,`xtol` termination condition is satisfied.,0.5007233391946035,-0.2742359166859198,0.19614066603795638,2.494683018021534,0.09807033301897819,1.247341509010767,,,,
80,80,3,iterative_sur,True,,0.013893400027882308,0.001977300038561225,4,0,8.232390505225381e-05,Iterative SUR converged.,0.5083356956617286,-0.2744838817893889,0.17200639790340833,2.50175477978964,0.08600319895170416,1.25087738989482,,,,
80,80,4,expenditure_ols,True,,0.002213299972936511,0.001977300038561225,1,0,0.000625393559652822,OLS coefficients only; sigma and epsilon levels are not identified here.,,-0.2723315938443378,,,,,,,-0.4416542804498517,0.12027641412308229
80,80,5,tornqvist_sur,True,,0.004243500006850809,0.001977300038561225,2,0,0.0006012441366808302,"Two-step SUR completed. Tornqvist slopes are approximate coefficients, not epsilon levels.",0.504452480338581,-0.2745564184438058,,,,,,,-0.44821801665433364,0.12306113333459993
80,80,6,hybrid_gmm,True,,0.023473799985367805,0.001977300038561225,2,14,0.001614090727454169,Two-step SUR completed. `ftol` termination condition is satisfied.,0.504452480338581,-0.27455641844380574,0.17961419002572176,2.499798608172464,0.08980709501286088,1.249899304086232,,,-0.44821801665433364,0.12306113333459993
80,80,7,known_consumption_sur,True,,0.005629600025713444,0.001977300038561225,2,0,0.0002300555516166222,Two-step SUR completed.,0.500548084266276,-0.2749125732398865,0.1941262309242675,2.496457404803022,,,-1.8058737690757325,0.49645740480302214,-0.9019471135381554,0.24795660190906235
81,81,1,loglinear_gmm,True,,0.0978082999936305,0.0021362000261433423,2,80,0.0018856307750424405,`ftol` termination condition is satisfied.,0.49828104606283113,-0.2744686014481003,0.2046406471597276,2.492769770670836,0.1023203235798638,1.246384885335418,,,,
81,81,2,nonlinear_gmm,True,,0.297865999978967,0.0021362000261433423,2,98,0.004305856502629889,`ftol` termination condition is satisfied.,0.49774824236907317,-0.27484039110656,0.20775453161970467,2.4925814454886,0.10387726580985233,1.2462907227443,,,,
81,81,3,iterative_sur,True,,0.02452619996620342,0.0021362000261433423,7,0,5.227932648511501e-05,Iterative SUR converged.,0.504573630377106,-0.27467156122377334,0.1930980513899021,2.496304579203014,0.09654902569495105,1.248152289601507,,,,
81,81,4,expenditure_ols,True,,0.002576200000476092,0.0021362000261433423,1,0,0.0007200582966599366,OLS coefficients only; sigma and epsilon levels are not identified here.,,-0.2773155772689872,,,,,,,-0.44045239183865115,0.12214430930224168
81,81,5,tornqvist_sur,True,,0.00349649996496737,0.0021362000261433423,2,0,0.0006415741042868827,"Two-step SUR completed. Tornqvist slopes are approximate coefficients, not epsilon levels.",0.5016537664851441,-0.2750330363903985,,,,,,,-0.44645743638378516,0.12279054434770562
81,81,6,hybrid_gmm,True,,0.02197830000659451,0.0021362000261433423,2,14,0.002269099117573897,Two-step SUR completed. `ftol` termination condition is satisfied.,0.5016537664851441,-0.2750330363903985,0.19214073536019338,2.497221022920399,0.09607036768009669,1.2486105114601995,,,-0.44645743638378516,0.12279054434770562
81,81,7,known_consumption_sur,True,,0.005569799977820367,0.0021362000261433423,2,0,0.00024208735240618812,Two-step SUR completed.,0.49944775011793163,-0.2750340461728279,0.1967071277344956,2.495966935093802,,,-1.8032928722655044,0.4959669350938022,-0.9026423044087956,0.24825736522831646
82,82,1,loglinear_gmm,True,,0.09846800001105294,0.0019172999891452491,2,81,0.002110470080724122,`ftol` termination condition is satisfied.,0.5006521504901184,-0.27985561325679886,0.197853304961115,2.5043408685188204,0.0989266524805575,1.2521704342594102,,,,
82,82,2,nonlinear_gmm,True,,0.33573409996461123,0.0019172999891452491,2,113,0.0040264407345949995,`ftol` termination condition is satisfied.,0.5003837628437608,-0.2795435749087791,0.19862752700096123,2.5035621008444195,0.09931376350048061,1.2517810504222098,,,,
82,82,3,iterative_sur,True,,0.014589900034479797,0.0019172999891452491,4,0,3.748863076264399e-05,Iterative SUR converged.,0.5072518304535706,-0.2803506018789522,0.19845246791552995,2.505064934933422,0.09922623395776498,1.252532467466711,,,,
82,82,4,expenditure_ols,True,,0.004045300011057407,0.0019172999891452491,1,0,0.0007147624534607427,OLS coefficients only; sigma and epsilon levels are not identified here.,,-0.28092045600186577,,,,,,,-0.4331142919571129,0.12167066439751736
82,82,5,tornqvist_sur,True,,0.003731599950697273,0.0019172999891452491,2,0,0.0006079228822560241,"Two-step SUR completed. Tornqvist slopes are approximate coefficients, not epsilon levels.",0.5046632205072177,-0.27988828088673007,,,,,,,-0.44182020165844205,0.12366029670320974
82,82,6,hybrid_gmm,True,,0.023432500020135194,0.0019172999891452491,2,15,0.0026743001927423938,Two-step SUR completed. Both `ftol` and `xtol` termination conditions are satisfied.,0.5046632205072177,-0.27988828088672996,0.18087616867420464,2.5091514418698586,0.09043808433710232,1.2545757209349293,,,-0.44182020165844205,0.12366029670320974
82,82,7,known_consumption_sur,True,,0.006112900038715452,0.0019172999891452491,2,0,0.00023303548945167852,Two-step SUR completed.,0.5005532062677776,-0.2793701198037442,0.19894161528568977,2.503161896711175,,,-1.8010583847143102,0.5031618967111748,-0.899532835570098,0.25130259604062
83,83,1,loglinear_gmm,True,,0.07876250002300367,0.002162399992812425,2,62,0.001022162946876341,`ftol` termination condition is satisfied.,0.5011400861514669,-0.2738612160021632,0.19213589824804694,2.4951038612724483,0.09606794912402347,1.2475519306362242,,,,
83,83,2,nonlinear_gmm,True,,0.2745666999835521,0.002162399992812425,2,89,0.0023857718935593204,`ftol` termination condition is satisfied.,0.5009616182641738,-0.2736740533436508,0.19250305165465928,2.494665016259949,0.09625152582732964,1.2473325081299744,,,,
83,83,3,iterative_sur,True,,0.019331299990881234,0.002162399992812425,4,0,1.2533965031031152e-05,Iterative SUR converged.,0.5073597597239704,-0.27491376463582146,0.20379915593116316,2.493800336085004,0.10189957796558158,1.246900168042502,,,,
83,83,4,expenditure_ols,True,,0.0023557000095024705,0.002162399992812425,1,0,0.0006863595278979545,OLS coefficients only; sigma and epsilon levels are not identified here.,,-0.2711764971047768,,,,,,,-0.44129750228437875,0.11966951085056508
83,83,5,tornqvist_sur,True,,0.004532499995548278,0.002162399992812425,2,0,0.0005553089509178478,"Two-step SUR completed. Tornqvist slopes are approximate coefficients, not epsilon levels.",0.5024542401465115,-0.2747007894500013,,,,,,,-0.4469607865815862,0.1227804809271553
83,83,6,hybrid_gmm,True,,0.024085899989586323,0.002162399992812425,2,15,0.0011644752591073058,Two-step SUR completed. Both `ftol` and `xtol` termination conditions are satisfied.,0.5024542401465115,-0.27470078945000137,0.18664132013814005,2.4981310609140652,0.09332066006907003,1.2490655304570326,,,-0.4469607865815862,0.1227804809271553
83,83,7,known_consumption_sur,True,,0.0060591999790631235,0.002162399992812425,2,0,0.0002336994514570012,Two-step SUR completed.,0.4998731912133676,-0.27466946312817875,0.19374571475504454,2.496122894801204,,,-1.8062542852449555,0.49612289480120414,-0.9033561915367392,0.24812436014291236
84,84,1,loglinear_gmm,True,,0.08992530003888533,0.0018560999887995422,2,75,0.0013753130718674015,`ftol` termination condition is satisfied.,0.49979435620868196,-0.2813092960479376,0.2064150998737718,2.5045521056567197,0.1032075499368859,1.2522760528283599,,,,
84,84,2,nonlinear_gmm,True,,0.25769619998754933,0.0018560999887995422,2,82,0.0027305236901331562,`ftol` termination condition is satisfied.,0.49979905663180557,-0.28112477957502763,0.20629547337651435,2.5042547896697567,0.10314773668825718,1.2521273948348783,,,,
84,84,3,iterative_sur,True,,0.013926399988122284,0.0018560999887995422,4,0,1.1616830041527148e-05,Iterative SUR converged.,0.5070568875603336,-0.2811203522587297,0.2130082280695822,2.5023597564085307,0.1065041140347911,1.2511798782042653,,,,
84,84,4,expenditure_ols,True,,0.002490399987436831,0.0018560999887995422,1,0,0.0006423134780788545,OLS coefficients only; sigma and epsilon levels are not identified here.,,-0.2821694823731237,,,,,,,-0.4416048286493268,0.12460740591345255
84,84,5,tornqvist_sur,True,,0.004649900016374886,0.0018560999887995422,2,0,0.0006111093543356509,"Two-step SUR completed. Tornqvist slopes are approximate coefficients, not epsilon levels.",0.504388173752752,-0.28087071050361195,,,,,,,-0.446419415497952,0.12538613841351692
84,84,6,hybrid_gmm,True,,0.022775600024033338,0.0018560999887995422,2,15,0.0019786251309268626,Two-step SUR completed. `xtol` termination condition is satisfied.,0.504388173752752,-0.2808707105036119,0.18750439990409884,2.509076926983606,0.09375219995204942,1.254538463491803,,,-0.446419415497952,0.12538613841351692
84,84,7,known_consumption_sur,True,,0.00721239997074008,0.0018560999887995422,2,0,0.00023466204189258476,Two-step SUR completed.,0.4998230644146032,-0.2817376288257861,0.2070809746879574,2.5051327548680544,,,-1.7929190253120426,0.5051327548680545,-0.896776743833334,0.25265575339371293
85,85,1,loglinear_gmm,True,,0.10475020000012591,0.0019176999921910465,2,89,0.001913094247988908,`ftol` termination condition is satisfied.,0.5014445416299932,-0.2799573811034337,0.19658808552183785,2.504878476628036,0.09829404276091892,1.252439238314018,,,,
85,85,2,nonlinear_gmm,True,,0.3507765000103973,0.0019176999921910465,2,119,0.004477415693194403,`ftol` termination condition is satisfied.,0.5016431943652134,-0.2796858070183589,0.197607371895229,2.5041036367554237,0.0988036859476145,1.2520518183777118,,,,
85,85,3,iterative_sur,True,,0.013097900024149567,0.0019176999921910465,4,0,9.66733714810939e-06,Iterative SUR converged.,0.5100136476418755,-0.28000343100188324,0.17685901056925424,2.510485732240777,0.08842950528462712,1.2552428661203885,,,,
85,85,4,expenditure_ols,True,,0.0024184000212699175,0.0019176999921910465,1,0,0.0006195315185244555,OLS coefficients only; sigma and epsilon levels are not identified here.,,-0.2802600989294716,,,,,,,-0.44067001502880676,0.12350222200722513
85,85,5,tornqvist_sur,True,,0.004696900025010109,0.0019176999921910465,2,0,0.000580048906471384,"Two-step SUR completed. Tornqvist slopes are approximate coefficients, not epsilon levels.",0.5045429773977499,-0.2796588569198394,,,,,,,-0.445570793322224,0.12460781873735917
85,85,6,hybrid_gmm,True,,0.02359459997387603,0.0019176999921910465,2,15,0.0022388281265887044,Two-step SUR completed. `xtol` termination condition is satisfied.,0.5045429773977499,-0.2796588569198393,0.18440981092030584,2.507745876912902,0.09220490546015292,1.253872938456451,,,-0.445570793322224,0.12460781873735917
85,85,7,known_consumption_sur,True,,0.005990799982100725,0.0019176999921910465,2,0,0.0002280419483165609,Two-step SUR completed.,0.5016756307367568,-0.27949572474499335,0.198543891935147,2.5034992805198812,,,-1.801456108064853,0.5034992805198811,-0.8977094788068347,0.2509059613895665
86,86,1,loglinear_gmm,True,,0.09452579997014254,0.0020199999562464654,2,78,0.002213556390883394,`ftol` termination condition is satisfied.,0.5011847580127372,-0.27977530931419065,0.19724112233712324,2.5043674226170345,0.09862056116856162,1.2521837113085172,,,,
86,86,2,nonlinear_gmm,True,,0.34514560003299266,0.0020199999562464654,2,122,0.004240095901407154,`ftol` termination condition is satisfied.,0.5015047443620179,-0.27968695329713017,0.19509758782314665,2.504807656660385,0.09754879391157333,1.2524038283301926,,,,
86,86,3,iterative_sur,True,,0.011222700006328523,0.0020199999562464654,3,0,3.933635282495056e-05,Iterative SUR converged.,0.5098621218294801,-0.2802833802326413,0.1841564277350951,2.508950774408122,0.09207821386754755,1.254475387204061,,,,
86,86,4,expenditure_ols,True,,0.002396099967882037,0.0020199999562464654,1,0,0.0006689152815028429,OLS coefficients only; sigma and epsilon levels are not identified here.,,-0.28239619392646903,,,,,,,-0.43562477978349684,0.12301877979091573
86,86,5,tornqvist_sur,True,,0.005196400044951588,0.0020199999562464654,2,0,0.0005970212600914061,"Two-step SUR completed. Tornqvist slopes are approximate coefficients, not epsilon levels.",0.5049493599137906,-0.27994366261959,,,,,,,-0.443358267323728,0.1241153372072797
86,86,6,hybrid_gmm,True,,0.022862099984195083,0.0020199999562464654,2,16,0.0027241475569553695,Two-step SUR completed. `xtol` termination condition is satisfied.,0.5049493599137906,-0.27994366261959014,0.18237839681187595,2.5088316488529747,0.09118919840593798,1.2544158244264874,,,-0.443358267323728,0.1241153372072797
86,86,7,known_consumption_sur,True,,0.00592790002701804,0.0020199999562464654,2,0,0.0002449631045330198,Two-step SUR completed.,0.5019994264861616,-0.2795324890898656,0.1966776810590991,2.5040871764448585,,,-1.803322318940901,0.5040871764448586,-0.8980555490628737,0.25103570297051103
87,87,1,loglinear_gmm,True,,0.08369599998695776,0.0022524999803863466,2,65,0.0016976111977428689,`ftol` termination condition is satisfied.,0.5016506524634147,-0.27302138515080854,0.1916020825900194,2.4937313043151104,0.0958010412950097,1.2468656521575552,,,,
87,87,2,nonlinear_gmm,True,,0.29269919998478144,0.0022524999803863466,2,87,0.003579845375313983,`ftol` termination condition is satisfied.,0.5018591788094177,-0.2731323872711055,0.192062844089575,2.493806191429947,0.0960314220447875,1.2469030957149736,,,,
87,87,3,iterative_sur,True,,0.014025100041180849,0.0022524999803863466,4,0,8.247826930002396e-06,Iterative SUR converged.,0.5080593869609986,-0.2745329481316063,0.16987910527458583,2.502428484666221,0.08493955263729291,1.2512142423331105,,,,
87,87,4,expenditure_ols,True,,0.0023444000398740172,0.0022524999803863466,1,0,0.0006714518135335988,OLS coefficients only; sigma and epsilon levels are not identified here.,,-0.2767312609131895,,,,,,,-0.43816249913476446,0.12125326087043768
87,87,5,tornqvist_sur,True,,0.004085000022314489,0.0022524999803863466,2,0,0.0005908844945270854,"Two-step SUR completed. Tornqvist slopes are approximate coefficients, not epsilon levels.",0.5055389373336596,-0.2741988878575717,,,,,,,-0.44620611795428766,0.12234922129831013
87,87,6,hybrid_gmm,True,,0.025358400016557425,0.0022524999803863466,2,15,0.0022388837211275658,Two-step SUR completed. `ftol` termination condition is satisfied.,0.5055389373336596,-0.27419888785757174,0.1754548199897994,2.50028825920469,0.0877274099948997,1.250144129602345,,,-0.44620611795428766,0.12234922129831013
87,87,7,known_consumption_sur,True,,0.0065469000255689025,0.0022524999803863466,2,0,0.0002567105553920187,Two-step SUR completed.,0.5015338596934155,-0.27431837741446435,0.1915106921128238,2.4961018525110177,,,-1.8084893078871762,0.4961018525110178,-0.9014706850882471,0.2472899756201135
88,88,1,loglinear_gmm,True,,0.09928209998179227,0.0023125000298023224,2,81,0.0016558392318281102,`ftol` termination condition is satisfied.,0.5002116946181084,-0.27563955057944173,0.19908797037713294,2.4964025824783573,0.09954398518856647,1.2482012912391787,,,,
88,88,2,nonlinear_gmm,True,,0.29215400002431124,0.0023125000298023224,2,88,0.0035336776714488404,`ftol` termination condition is satisfied.,0.5001818099319539,-0.2757931795500845,0.19671462142561577,2.4973338081932073,0.09835731071280789,1.2486669040966036,,,,
88,88,3,iterative_sur,True,,0.012812000000849366,0.0023125000298023224,4,0,4.135265206296244e-05,Iterative SUR converged.,0.5054112110037213,-0.27653610956041674,0.18035217410824012,2.503198330542178,0.09017608705412006,1.251599165271089,,,,
88,88,4,expenditure_ols,True,,0.0023252000100910664,0.0023125000298023224,1,0,0.0006279988417157767,OLS coefficients only; sigma and epsilon levels are not identified here.,,-0.2769052652562051,,,,,,,-0.4393790960029329,0.12166638512672374
88,88,5,tornqvist_sur,True,,0.00426110002445057,0.0023125000298023224,2,0,0.0005390049673018981,"Two-step SUR completed. Tornqvist slopes are approximate coefficients, not epsilon levels.",0.5020971762592608,-0.2764016113103002,,,,,,,-0.44582295046124315,0.12322618186659977
88,88,6,hybrid_gmm,True,,0.024420400033704937,0.0023125000298023224,2,15,0.0017237671050479733,Two-step SUR completed. `xtol` termination condition is satisfied.,0.5020971762592608,-0.2764016113103001,0.19151263004062646,2.4998688230910977,0.09575631502031323,1.2499344115455489,,,-0.44582295046124315,0.12322618186659977
88,88,7,known_consumption_sur,True,,0.007366900041233748,0.0023125000298023224,2,0,0.00023958781262236475,Two-step SUR completed.,0.4998214006438648,-0.2767492795525742,0.1968208233105857,2.4990285380529995,,,-1.8031791766894143,0.49902853805299935,-0.9019116349846602,0.24960339520208902
89,89,1,loglinear_gmm,True,,0.0911564000416547,0.00213350000558421,2,69,0.00196778379016827,`ftol` termination condition is satisfied.,0.5006201770435796,-0.2778999353820078,0.19708543882457888,2.5010298400499305,0.09854271941228944,1.2505149200249652,,,,
89,89,2,nonlinear_gmm,True,,0.2866729000234045,0.00213350000558421,2,92,0.003988989983840488,`ftol` termination condition is satisfied.,0.5007296393936068,-0.27757581036220197,0.19648676756594158,2.500611646991838,0.09824338378297079,1.250305823495919,,,,
89,89,3,iterative_sur,True,,0.013670300017111003,0.00213350000558421,4,0,2.8806568856618608e-05,Iterative SUR converged.,0.505885961307603,-0.27765753679967914,0.19467037676240073,2.5012633762996446,0.09733518838120037,1.2506316881498223,,,,
89,89,4,expenditure_ols,True,,0.002893799974117428,0.00213350000558421,1,0,0.0006577936011856151,OLS coefficients only; sigma and epsilon levels are not identified here.,,-0.2796812396593875,,,,,,,-0.4345140413612536,0.12152542573732579
89,89,5,tornqvist_sur,True,,0.00397080002585426,0.00213350000558421,2,0,0.0006379991262672833,"Two-step SUR completed. Tornqvist slopes are approximate coefficients, not epsilon levels.",0.5051503105147314,-0.27779771273916154,,,,,,,-0.44397240036934843,0.12333451734192026
89,89,6,hybrid_gmm,True,,0.02425979997497052,0.00213350000558421,2,14,0.0026917486379311206,Two-step SUR completed. `ftol` termination condition is satisfied.,0.5051503105147314,-0.2777977127391614,0.17829749478339885,2.506064789240372,0.08914874739169942,1.253032394620186,,,-0.44397240036934843,0.12333451734192026
89,89,7,known_consumption_sur,True,,0.006714800023473799,0.00213350000558421,2,0,0.00024259530717899683,Two-step SUR completed.,0.501244029812734,-0.277761345579709,0.19427369340255662,2.501560968669184,,,-1.8057263065974434,0.501560968669184,-0.9006167759396765,0.2501565275366638
90,90,1,loglinear_gmm,True,,0.09340110002085567,0.002219800022430718,2,77,0.0014883322336660407,`ftol` termination condition is satisfied.,0.4989506385165446,-0.2730306820259176,0.20087619087935946,2.4912160006532753,0.10043809543967973,1.2456080003266377,,,,
90,90,2,nonlinear_gmm,True,,0.5219886000268161,0.002219800022430718,2,115,0.0035735203433582925,`ftol` termination condition is satisfied.,0.49956221698089875,-0.27290056251840994,0.1988296120820207,2.491540412054319,0.09941480604101036,1.2457702060271596,,,,
90,90,3,iterative_sur,True,,0.02892539999447763,0.002219800022430718,4,0,7.25500509906204e-05,Iterative SUR converged.,0.503962791371929,-0.2743020759542405,0.2050467128312219,2.492359412911284,0.10252335641561094,1.246179706455642,,,,
90,90,4,expenditure_ols,True,,0.005375400010962039,0.002219800022430718,1,0,0.0007088877887172029,OLS coefficients only; sigma and epsilon levels are not identified here.,,-0.2736123019185164,,,,,,,-0.44128953011232935,0.12074224414657489
90,90,5,tornqvist_sur,True,,0.006900399981532246,0.002219800022430718,2,0,0.0006114329959556146,"Two-step SUR completed. Tornqvist slopes are approximate coefficients, not epsilon levels.",0.5024312594529581,-0.2745926531069232,,,,,,,-0.4464624621311482,0.12259531198924122
90,90,6,hybrid_gmm,True,,0.047121699957642704,0.002219800022430718,2,14,0.0019756400423656282,Two-step SUR completed. `ftol` termination condition is satisfied.,0.5024312594529581,-0.2745926531069232,0.18626267927405205,2.4980389429371805,0.09313133963702602,1.2490194714685903,,,-0.4464624621311482,0.12259531198924122
90,90,7,known_consumption_sur,True,,0.01197430002503097,0.002219800022430718,2,0,0.00023214044172766097,Two-step SUR completed.,0.4991900442591308,-0.2747132767627981,0.1978510310974162,2.495074248461927,,,-1.8021489689025838,0.4950742484619267,-0.902534145354556,0.24793811246066158
91,91,1,loglinear_gmm,True,,0.1487782999756746,0.004056399979162961,2,67,0.0032333235726601543,`ftol` termination condition is satisfied.,0.5019993080166532,-0.2769648627383923,0.1898494987577385,2.501348085112395,0.09492474937886924,1.2506740425561975,,,,
91,91,2,nonlinear_gmm,True,,0.4856320000253618,0.004056399979162961,2,81,0.005071901842890917,`ftol` termination condition is satisfied.,0.5027839221425391,-0.27579783304759636,0.18560765386937117,2.500405477360972,0.09280382693468558,1.250202738680486,,,,
91,91,3,iterative_sur,True,,0.020415500039234757,0.004056399979162961,4,0,8.13348753879126e-06,Iterative SUR converged.,0.5096889448163957,-0.2767921820819287,0.18599318352992444,2.502102905042245,0.09299659176496222,1.2510514525211225,,,,
91,91,4,expenditure_ols,True,,0.0030846999725326896,0.004056399979162961,1,0,0.0007614541418564625,OLS coefficients only; sigma and epsilon levels are not identified here.,,-0.2744386894610572,,,,,,,-0.43779794561384605,0.12014869444300712
91,91,5,tornqvist_sur,True,,0.005767499969806522,0.004056399979162961,2,0,0.0006767578316749154,"Two-step SUR completed. Tornqvist slopes are approximate coefficients, not epsilon levels.",0.5047242546984273,-0.27697408272721424,,,,,,,-0.44455245503011864,0.12312950845609827
91,91,6,hybrid_gmm,True,,0.04669879999710247,0.004056399979162961,2,15,0.0034199396895399155,Two-step SUR completed. `xtol` termination condition is satisfied.,0.5047242546984273,-0.2769740827272141,0.1790260725495032,2.504362583225774,0.0895130362747516,1.252181291612887,,,-0.44455245503011864,0.12312950845609827
91,91,7,known_consumption_sur,True,,0.010776000039186329,0.004056399979162961,2,0,0.00027280086657380644,Two-step SUR completed.,0.5009168714099217,-0.2768063055615857,0.19317484940442697,2.500140594732116,,,-1.806825150595573,0.5001405947321163,-0.9017559489744781,0.24961173275380705
92,92,1,loglinear_gmm,True,,0.1445704000070691,0.005036799993831664,2,73,0.0021260932788021683,`ftol` termination condition is satisfied.,0.500655837901171,-0.279128611652404,0.19907041167989747,2.5026909756715257,0.09953520583994874,1.2513454878357628,,,,
92,92,2,nonlinear_gmm,True,,0.40107500000158325,0.005036799993831664,2,86,0.003908597142918252,`ftol` termination condition is satisfied.,0.5013870810206856,-0.27933247306196846,0.19733422051705035,2.5035430902871534,0.09866711025852518,1.2517715451435767,,,,
92,92,3,iterative_sur,True,,0.02560230001108721,0.005036799993831664,5,0,4.186842732614886e-05,Iterative SUR converged.,0.507858487908811,-0.27982514293834,0.16504939397002105,2.5134653156171325,0.08252469698501053,1.2567326578085662,,,,
92,92,4,expenditure_ols,True,,0.0032148000318557024,0.005036799993831664,1,0,0.000677268759077626,OLS coefficients only; sigma and epsilon levels are not identified here.,,-0.27852980775259295,,,,,,,-0.4382266794109093,0.12205919276837775
92,92,5,tornqvist_sur,True,,0.005652599968016148,0.005036799993831664,2,0,0.0006235810228348113,"Two-step SUR completed. Tornqvist slopes are approximate coefficients, not epsilon levels.",0.5051027597306799,-0.2799186432282522,,,,,,,-0.44245008258532564,0.12385002681351251
92,92,6,hybrid_gmm,True,,0.032621400023344904,0.005036799993831664,2,16,0.0030952830645509443,Two-step SUR completed. `xtol` termination condition is satisfied.,0.5051027597306799,-0.2799186432282524,0.18091226939468807,2.5091965694641996,0.09045613469734404,1.2545982847320998,,,-0.44245008258532564,0.12385002681351251
92,92,7,known_consumption_sur,True,,0.006792399974074215,0.005036799993831664,2,0,0.00025947690995188985,Two-step SUR completed.,0.5005419413892511,-0.28005425525786426,0.2048724178484309,2.5027331181123085,,,-1.795127582151569,0.5027331181123083,-0.8965909371400302,0.2510941071717018
93,93,1,loglinear_gmm,True,,0.10093690000940114,0.003214299969840795,2,61,0.0014411889470771122,`ftol` termination condition is satisfied.,0.5000250296752713,-0.27959182831639606,0.20185540207968794,2.502746535709791,0.10092770103984397,1.2513732678548954,,,,
93,93,2,nonlinear_gmm,True,,0.4400042000343092,0.003214299969840795,2,102,0.0028328036009293706,`ftol` termination condition is satisfied.,0.4996336474219824,-0.279459228333859,0.20304873686788558,2.502174613348454,0.10152436843394279,1.251087306674227,,,,
93,93,3,iterative_sur,True,,0.021439200034365058,0.003214299969840795,3,0,7.19200338047916e-05,Iterative SUR converged.,0.5063152578797565,-0.279740867190008,0.21353745108201738,2.4997465826367886,0.10676872554100869,1.2498732913183943,,,,
93,93,4,expenditure_ols,True,,0.004444000020157546,0.003214299969840795,1,0,0.0006427070344543999,OLS coefficients only; sigma and epsilon levels are not identified here.,,-0.2803985831661577,,,,,,,-0.43928599840732047,0.12317517155814366
93,93,5,tornqvist_sur,True,,0.005334399989806116,0.003214299969840795,2,0,0.0005056640930800996,"Two-step SUR completed. Tornqvist slopes are approximate coefficients, not epsilon levels.",0.5034512065179448,-0.2798418237163448,,,,,,,-0.44527437208252013,0.12460639233772274
93,93,6,hybrid_gmm,True,,0.033634799998253584,0.003214299969840795,2,14,0.0019093685681336866,Two-step SUR completed. `ftol` termination condition is satisfied.,0.5034512065179448,-0.2798418237163447,0.1877441274877616,2.5071449884044803,0.0938720637438808,1.2535724942022402,,,-0.44527437208252013,0.12460639233772274
93,93,7,known_consumption_sur,True,,0.00924370001303032,0.003214299969840795,2,0,0.00022542796733213938,Two-step SUR completed.,0.5001392654468562,-0.28006909160618637,0.2032447289596162,2.5032156165989075,,,-1.7967552710403838,0.5032156165989075,-0.8981274095944793,0.2515377277517431
94,94,1,loglinear_gmm,True,,0.13007150002522394,0.0027797999791800976,2,78,0.001747528691503648,`ftol` termination condition is satisfied.,0.5011045694202854,-0.275001427000326,0.19341748605852088,2.496812769327743,0.09670874302926044,1.2484063846638715,,,,
94,94,2,nonlinear_gmm,True,,0.3988061999552883,0.0027797999791800976,2,91,0.003796405772924337,`ftol` termination condition is satisfied.,0.5015535123755086,-0.2751824358277362,0.1911731139512656,2.4977573884935897,0.0955865569756328,1.2488786942467949,,,,
94,94,3,iterative_sur,True,,0.021374100004322827,0.0027797999791800976,4,0,1.1375640317156716e-05,Iterative SUR converged.,0.5118871752543461,-0.2764089032958205,0.16134398096364055,2.5082208937600994,0.08067199048182028,1.2541104468800497,,,,
94,94,4,expenditure_ols,True,,0.004842199967242777,0.0027797999791800976,1,0,0.0006398005356619614,OLS coefficients only; sigma and epsilon levels are not identified here.,,-0.2779573197795334,,,,,,,-0.440148961784753,0.12234262572143423
94,94,5,tornqvist_sur,True,,0.009918500029016286,0.0027797999791800976,2,0,0.0005913228645427976,"Two-step SUR completed. Tornqvist slopes are approximate coefficients, not epsilon levels.",0.5041792164947327,-0.27675444796880927,,,,,,,-0.44766354967065125,0.12389287856485873
94,94,6,hybrid_gmm,True,,0.033993199991527945,0.0027797999791800976,2,15,0.0023234785147541563,Two-step SUR completed. Both `ftol` and `xtol` termination conditions are satisfied.,0.5041792164947327,-0.2767544479688094,0.18148596543485818,2.503281847759608,0.09074298271742909,1.251640923879804,,,-0.44766354967065125,0.12389287856485873
94,94,7,known_consumption_sur,True,,0.0075662999879568815,0.0027797999791800976,2,0,0.0002478039962760196,Two-step SUR completed.,0.5006328000493312,-0.2769318898400832,0.1925712939828088,2.500534647308557,,,-1.8074287060171912,0.5005346473085569,-0.9025706120342653,0.2499505853047696
95,95,1,loglinear_gmm,True,,0.12539030000334606,0.0026421999791637063,2,71,0.001826601073139119,`ftol` termination condition is satisfied.,0.4992236299540868,-0.27653888424148454,0.20062791760939286,2.497596347999575,0.10031395880469643,1.2487981739997875,,,,
95,95,2,nonlinear_gmm,True,,0.4638693999731913,0.0026421999791637063,2,96,0.0038788533622871263,`ftol` termination condition is satisfied.,0.5008534532192472,-0.2766086950478474,0.19663133357462878,2.4988274535100987,0.09831566678731439,1.2494137267550494,,,,
95,95,3,iterative_sur,True,,0.01809349999530241,0.0026421999791637063,3,0,6.156314015232405e-05,Iterative SUR converged.,0.5102310865335131,-0.27712768248140596,0.1646535124252424,2.508625318651981,0.0823267562126212,1.2543126593259906,,,,
95,95,4,expenditure_ols,True,,0.003748799965251237,0.0026421999791637063,1,0,0.0006030376053060587,OLS coefficients only; sigma and epsilon levels are not identified here.,,-0.27525838662880325,,,,,,,-0.4446959145546756,0.12240627998074016
95,95,5,tornqvist_sur,True,,0.005963600007817149,0.0026421999791637063,2,0,0.0005684064990441678,"Two-step SUR completed. Tornqvist slopes are approximate coefficients, not epsilon levels.",0.5048066302920802,-0.27703976022736887,,,,,,,-0.44823185539211613,0.12417804574410053
95,95,6,hybrid_gmm,True,,0.03871900000376627,0.0026421999791637063,2,14,0.002971468789656135,Two-step SUR completed. `ftol` termination condition is satisfied.,0.5048066302920802,-0.2770397602273689,0.17750472935286243,2.504903652795597,0.08875236467643122,1.2524518263977984,,,-0.44823185539211613,0.12417804574410053
95,95,7,known_consumption_sur,True,,0.009741999965626746,0.0026421999791637063,2,0,0.000257816490418721,Two-step SUR completed.,0.5001562613662094,-0.2774372463192675,0.1966893446254947,2.5003055424852962,,,-1.8033106553745053,0.5003055424852964,-0.901373539900544,0.25007459281505734
96,96,1,loglinear_gmm,True,,0.1437576999887824,0.003196299949195236,2,75,0.001488969022526872,`ftol` termination condition is satisfied.,0.499120874555981,-0.27617283319919733,0.2052435757878156,2.4956629665771395,0.1026217878939078,1.2478314832885697,,,,
96,96,2,nonlinear_gmm,True,,0.6036817000131123,0.003196299949195236,2,116,0.003945814324800035,`ftol` termination condition is satisfied.,0.50000817605612,-0.2760735535884945,0.20393912121603736,2.495844909267163,0.10196956060801868,1.2479224546335814,,,,
96,96,3,iterative_sur,True,,0.021832400001585484,0.003196299949195236,4,0,8.434393209839418e-05,Iterative SUR converged.,0.5057753357079527,-0.27710537372066885,0.1987820610339157,2.4991271701295696,0.09939103051695786,1.2495635850647848,,,,
96,96,4,expenditure_ols,True,,0.004850299970712513,0.003196299949195236,1,0,0.0008107172848411455,OLS coefficients only; sigma and epsilon levels are not identified here.,,-0.27417790703265876,,,,,,,-0.43877900676408194,0.1203035097244448
96,96,5,tornqvist_sur,True,,0.009675799985416234,0.003196299949195236,2,0,0.0006442073406722001,"Two-step SUR completed. Tornqvist slopes are approximate coefficients, not epsilon levels.",0.5021349231145864,-0.2770857304492365,,,,,,,-0.4440983915866143,0.1230533272241081
96,96,6,hybrid_gmm,True,,0.036857000028248876,0.003196299949195236,2,14,0.0018651250849017864,Two-step SUR completed. `ftol` termination condition is satisfied.,0.5021349231145864,-0.2770857304492366,0.1927664777410243,2.500758620607475,0.09638323887051214,1.2503793103037375,,,-0.4440983915866143,0.1230533272241081
96,96,7,known_consumption_sur,True,,0.009936599992215633,0.003196299949195236,2,0,0.0002512310753703883,Two-step SUR completed.,0.4986173315726201,-0.2768479323371036,0.2068102380965935,2.496440877871021,,,-1.7931897619034065,0.4964408778710212,-0.8990742678197879,0.24890685206340363
97,97,1,loglinear_gmm,True,,0.13842670002486557,0.004639299993868917,2,71,0.0016241321499648649,`xtol` termination condition is satisfied.,0.5003176362079788,-0.2803282048545052,0.19316151989865138,2.5065077875888537,0.09658075994932569,1.2532538937944269,,,,
97,97,2,nonlinear_gmm,True,,0.5326316999853589,0.004639299993868917,2,110,0.003906675337427096,`ftol` termination condition is satisfied.,0.5016069277167289,-0.2801865810588057,0.18697402773650665,2.507985548539325,0.09348701386825332,1.2539927742696626,,,,
97,97,3,iterative_sur,True,,0.02630269998917356,0.004639299993868917,4,0,6.31845853789205e-05,Iterative SUR converged.,0.5038172015735796,-0.2814566974453586,0.21056728242443357,2.503647822989492,0.10528364121221678,1.251823911494746,,,,
97,97,4,expenditure_ols,True,,0.003203700005542487,0.004639299993868917,1,0,0.0007252412691671127,OLS coefficients only; sigma and epsilon levels are not identified here.,,-0.28220336547782465,,,,,,,-0.4441961833702659,0.12535365787949396
97,97,5,tornqvist_sur,True,,0.007862400030717254,0.004639299993868917,2,0,0.0006223122094999344,"Two-step SUR completed. Tornqvist slopes are approximate coefficients, not epsilon levels.",0.5040361697606781,-0.28175756174122146,,,,,,,-0.4479021289680325,0.12619981175673495
97,97,6,hybrid_gmm,True,,0.038252800004556775,0.004639299993868917,2,14,0.002330149989638357,Two-step SUR completed. `ftol` termination condition is satisfied.,0.5040361697606781,-0.2817575617412215,0.17803864475071185,2.513351389041771,0.08901932237535592,1.2566756945208855,,,-0.4479021289680325,0.12619981175673495
97,97,7,known_consumption_sur,True,,0.011124400014523417,0.004639299993868917,2,0,0.00025022286343576747,Two-step SUR completed.,0.5002227908526926,-0.28212224116864737,0.20190291383051906,2.5072831797889483,,,-1.798097086169481,0.5072831797889484,-0.8986479435016886,0.25352857184229244
98,98,1,loglinear_gmm,True,,0.16086050000740215,0.004720300028566271,2,79,0.002422930071706863,`ftol` termination condition is satisfied.,0.5009020043371911,-0.27660609911425516,0.19317554097922843,2.49977866539396,0.09658777048961421,1.24988933269698,,,,
98,98,2,nonlinear_gmm,True,,0.5648424999671988,0.004720300028566271,2,92,0.005301499476677553,`ftol` termination condition is satisfied.,0.5011789008318339,-0.2760536975830383,0.1931185217774787,2.498796313157633,0.09655926088873935,1.2493981565788166,,,,
98,98,3,iterative_sur,True,,0.024952700012363493,0.004720300028566271,5,0,2.2215597003610115e-05,Iterative SUR converged.,0.5062577073795999,-0.27626784151204076,0.16412349393982062,2.5071936396119128,0.08206174696991031,1.2535968198059564,,,,
98,98,4,expenditure_ols,True,,0.005000000004656613,0.004720300028566271,1,0,0.0006038639293442509,OLS coefficients only; sigma and epsilon levels are not identified here.,,-0.27608910797565367,,,,,,,-0.4433643082611761,0.12240805637607086
98,98,5,tornqvist_sur,True,,0.008351099968422204,0.004720300028566271,2,0,0.0005317964610785644,"Two-step SUR completed. Tornqvist slopes are approximate coefficients, not epsilon levels.",0.5051755276465559,-0.27624606431924686,,,,,,,-0.4484095352050569,0.12387136930361974
98,98,6,hybrid_gmm,True,,0.04875190003076568,0.004720300028566271,2,14,0.00275636405959076,Two-step SUR completed. `ftol` termination condition is satisfied.,0.5051755276465559,-0.2762460643192468,0.17647524751661692,2.5037415360622632,0.08823762375830846,1.2518707680311316,,,-0.4484095352050569,0.12387136930361974
98,98,7,known_consumption_sur,True,,0.011179400025866926,0.004720300028566271,2,0,0.000252487865938463,Two-step SUR completed.,0.5008616462770948,-0.2761589265809914,0.19408944220911772,2.4987183211408093,,,-1.8059105577908823,0.4987183211408095,-0.9013992227865544,0.24892944178567478
99,99,1,loglinear_gmm,True,,0.16088789998320863,0.0038244000170379877,2,82,0.002479407151209382,`ftol` termination condition is satisfied.,0.5007794199479799,-0.2784437322861277,0.1949749908485674,2.5025979004179266,0.0974874954242837,1.2512989502089633,,,,
99,99,2,nonlinear_gmm,True,,0.6125379999866709,0.0038244000170379877,2,107,0.005419790521389795,`ftol` termination condition is satisfied.,0.5016040443036478,-0.27906741996544543,0.19374236501378805,2.5040676579884895,0.09687118250689403,1.2520338289942448,,,,
99,99,3,iterative_sur,True,,0.021424499980639666,0.0038244000170379877,4,0,3.8584957551240754e-05,Iterative SUR converged.,0.508548404947599,-0.27884890523700623,0.16956561794427727,2.5104146235444142,0.08478280897213863,1.2552073117722071,,,,
99,99,4,expenditure_ols,True,,0.002623200009111315,0.0038244000170379877,1,0,0.0006707624381823456,OLS coefficients only; sigma and epsilon levels are not identified here.,,-0.27924718102849394,,,,,,,-0.4438713110414332,0.12394981234774204
99,99,5,tornqvist_sur,True,,0.007130199985112995,0.0038244000170379877,2,0,0.0005594142683189246,"Two-step SUR completed. Tornqvist slopes are approximate coefficients, not epsilon levels.",0.5045650136849889,-0.2787972513239069,,,,,,,-0.4490039051856326,0.1251810545994545
99,99,6,hybrid_gmm,True,,0.061242699972353876,0.0038244000170379877,2,14,0.0029477833880098767,Two-step SUR completed. `ftol` termination condition is satisfied.,0.5045650136849889,-0.2787972513239069,0.18020116749440263,2.5073549124650154,0.09010058374720131,1.2536774562325077,,,-0.4490039051856326,0.1251810545994545
99,99,7,known_consumption_sur,True,,0.015824500005692244,0.0038244000170379877,2,0,0.0002533244859590146,Two-step SUR completed.,0.5005044249218711,-0.2785023541783898,0.19914076141534975,2.5015435374897277,,,-1.8008592385846502,0.5015435374897277,-0.8995212210116011,0.25051877768515063
100,100,1,loglinear_gmm,True,,0.19151069998042658,0.0023489000159315765,2,84,0.0021608350847258126,`ftol` termination condition is satisfied.,0.49946525890937077,-0.27923449967716363,0.1999194423906281,2.5026445938826427,0.09995972119531404,1.2513222969413214,,,,
100,100,2,nonlinear_gmm,True,,0.6133361000102013,0.0023489000159315765,2,114,0.0028731197868867003,`ftol` termination condition is satisfied.,0.4993154968501351,-0.2790524140946883,0.20025402898807057,2.5022234579680678,0.10012701449403529,1.2511117289840339,,,,
100,100,3,iterative_sur,True,,0.018983199959620833,0.0023489000159315765,4,0,6.313310598623421e-06,Iterative SUR converged.,0.5057352227327033,-0.279651725274055,0.1886738068695608,2.5065404949430135,0.0943369034347804,1.2532702474715067,,,,
100,100,4,expenditure_ols,True,,0.0037364999880082905,0.0023489000159315765,1,0,0.0006606157307305536,OLS coefficients only; sigma and epsilon levels are not identified here.,,-0.2788136693778507,,,,,,,-0.4386022431827379,0.12228830081913554
100,100,5,tornqvist_sur,True,,0.005926800018642098,0.0023489000159315765,2,0,0.0005613208299446549,"Two-step SUR completed. Tornqvist slopes are approximate coefficients, not epsilon levels.",0.5022198296894016,-0.2793682472222573,,,,,,,-0.44561485758720615,0.12449064170033357
100,100,6,hybrid_gmm,True,,0.04741140000987798,0.0023489000159315765,2,14,0.0024189079929884763,Two-step SUR completed. `ftol` termination condition is satisfied.,0.5022198296894016,-0.2793682472222573,0.18860638526034368,2.5060458591794066,0.09430319263017184,1.2530229295897033,,,-0.44561485758720615,0.12449064170033357
100,100,7,known_consumption_sur,True,,0.01121720002265647,0.0023489000159315765,2,0,0.0002472000435113776,Two-step SUR completed.,0.4992022585218642,-0.279349856725027,0.20504348089635993,2.501420846439255,,,-1.79495651910364,0.501420846439255,-0.8989101708185593,0.2511104274268341
